DATE,DJIA,Return_log
2008-06-19,12063.09,
2008-06-20,11842.69,-0.018439577789338912
2008-06-23,11842.36,-2.786567898560577e-05
2008-06-24,11807.43,-0.002953939582484466
2008-06-25,11811.83,0.0003725772992808629
2008-06-26,11453.42,-0.030813196276909594
2008-06-27,11346.51,-0.009378167701420637
2008-06-30,11350.01,0.0003084173280960556
2008-07-01,11382.26,0.002837378021315118
2008-07-02,11215.51,-0.014758361256861363
2008-07-03,11288.54,0.006490410070020047
2008-07-04,,
2008-07-07,11231.96,
2008-07-08,11384.21,0.013464021536933046
2008-07-09,11147.44,-0.02101743242820575
2008-07-10,11229.02,0.007291623559037674
2008-07-11,11100.54,-0.011507742907687302
2008-07-14,11055.19,-0.004093754828605967
2008-07-15,10962.54,-0.008415994460643006
2008-07-16,11239.28,0.024930778979927126
2008-07-17,11446.66,0.018283198915558074
2008-07-18,11496.57,0.004350745621152896
2008-07-21,11467.34,-0.00254573509355005
2008-07-22,11602.5,0.011717597215723075
2008-07-23,11632.38,0.0025719966250541404
2008-07-24,11349.28,-0.02463828296633963
2008-07-25,11370.69,0.0018846861450469987
2008-07-28,11131.08,-0.02129779631666473
2008-07-29,11397.56,0.023658101783661678
2008-07-30,11583.69,0.016198776831602757
2008-07-31,11378.02,-0.017914650130474996
2008-08-01,11326.32,-0.004554203236747156
2008-08-04,11284.15,-0.0037301346584808215
2008-08-05,11615.77,0.028964571401079553
2008-08-06,11656.07,0.003463416754673432
2008-08-07,11431.43,-0.019460495023079005
2008-08-08,11734.32,0.026151301967065166
2008-08-11,11782.35,0.004084767680373247
2008-08-12,11642.47,-0.01194302988504603
2008-08-13,11532.96,-0.009450596175463843
2008-08-14,11615.93,0.007168408964030704
2008-08-15,11659.9,0.0037781726627539314
2008-08-18,11479.39,-0.015602350965080447
2008-08-19,11348.55,-0.01146327112885892
2008-08-20,11417.43,0.0060511526565765195
2008-08-21,11430.21,0.0011187152224803043
2008-08-22,11628.06,0.017161292300681197
2008-08-25,11386.25,-0.021014655565155138
2008-08-26,11412.87,0.0023351789101262455
2008-08-27,11502.51,0.007823606436323516
2008-08-28,11715.18,0.018320164335161593
2008-08-29,11543.55,-0.01475859733569429
2008-09-01,,
2008-09-02,11516.92,
2008-09-03,11532.88,0.0013848278553911797
2008-09-04,11188.23,-0.03033975339582895
2008-09-05,11220.96,0.0029211250628566887
2008-09-08,11510.74,0.02549705465552421
2008-09-09,11230.73,-0.024626741497209892
2008-09-10,11268.92,0.0033947227335158203
2008-09-11,11433.71,0.01451751574400717
2008-09-12,11421.99,-0.0010255648286641161
2008-09-15,10917.51,-0.04517252240109926
2008-09-16,11059.02,0.012878462235594412
2008-09-17,10609.66,-0.04148147770127508
2008-09-18,11019.69,0.03791876578549491
2008-09-19,11388.44,0.032915133173732514
2008-09-22,11015.69,-0.03327818568691221
2008-09-23,10854.17,-0.014771282197251878
2008-09-24,10825.17,-0.0026753597939244145
2008-09-25,11022.06,0.018024740951133822
2008-09-26,11143.13,0.010924445409594696
2008-09-29,10365.45,-0.0723450042285485
2008-09-30,10850.66,0.04574774734410525
2008-10-01,10831.07,-0.0018070518663240165
2008-10-02,10482.85,-0.03267826727617518
2008-10-03,10325.38,-0.015135646443075856
2008-10-06,9955.5,-0.03647977977198913
2008-10-07,9447.11,-0.05241628764462547
2008-10-08,9258.1,-0.020210030607584528
2008-10-09,8579.19,-0.07615934057076679
2008-10-10,8451.19,-0.01503224359291444
2008-10-13,9387.61,0.1050834748752596
2008-10-14,9310.99,-0.008195311824001905
2008-10-15,8577.91,-0.08200512882383926
2008-10-16,8979.26,0.04572717948991034
2008-10-17,8852.22,-0.014249198552887421
2008-10-20,9265.43,0.04562199486489327
2008-10-21,9033.66,-0.025332668960070137
2008-10-22,8519.21,-0.058633987387839426
2008-10-23,8691.25,0.019993158893603535
2008-10-24,8378.95,-0.03659416411694494
2008-10-27,8175.77,-0.024547706363943433
2008-10-28,9065.12,0.10325917989651856
2008-10-29,8990.96,-0.008214453747319439
2008-10-30,9180.69,0.020882737107063676
2008-10-31,9325.01,0.015597672708898003
2008-11-03,9319.83,-0.0005556497275680528
2008-11-04,9625.28,0.0322485824720129
2008-11-05,9139.27,-0.0518124570923959
2008-11-06,8695.79,-0.04974151307413344
2008-11-07,8943.81,0.02812267240223143
2008-11-10,8870.54,-0.008225999058437239
2008-11-11,8693.96,-0.020107142155222135
2008-11-12,8282.66,-0.04846435883770717
2008-11-13,8835.25,0.0645852290749982
2008-11-14,8497.31,-0.038999759098489406
2008-11-17,8273.58,-0.026682337491156005
2008-11-18,8424.75,0.01810649687815591
2008-11-19,7997.28,-0.05207231834092063
2008-11-20,7552.29,-0.0572506553370804
2008-11-21,8046.42,0.06337644348643856
2008-11-24,8443.39,0.04815661471625887
2008-11-25,8479.47,0.004264061118258056
2008-11-26,8726.61,0.028729030435462377
2008-11-27,,
2008-11-28,8829.04,
2008-12-01,8149.09,-0.08014002385658259
2008-12-02,8419.09,0.0325954818270926
2008-12-03,8591.69,0.020293710637018236
2008-12-04,8376.24,-0.025396330588252525
2008-12-05,8635.42,0.03047322322175461
2008-12-08,8934.18,0.034012020802510534
2008-12-09,8691.33,-0.027558393428545713
2008-12-10,8761.42,0.008032015219475497
2008-12-11,8565.09,-0.022663352666276282
2008-12-12,8629.68,0.007512784852421461
2008-12-15,8564.53,-0.007578168672983665
2008-12-16,8924.14,0.041130708698279506
2008-12-17,8824.34,-0.011246151992279962
2008-12-18,8604.99,-0.025171544939444956
2008-12-19,8579.11,-0.0030120890319249582
2008-12-22,8519.77,-0.006940833344172503
2008-12-23,8419.49,-0.011840088823145578
2008-12-24,8468.48,0.005801779304380972
2008-12-25,,
2008-12-26,8515.55,
2008-12-29,8483.93,-0.0037201180820218838
2008-12-30,8668.39,0.021509289896627592
2008-12-31,8776.39,0.012382085625713302
2009-01-01,,
2009-01-02,9034.69,
2009-01-05,8952.89,-0.009095227250739413
2009-01-06,9015.1,0.006924564025075242
2009-01-07,8769.7,-0.02759835094381735
2009-01-08,8742.46,-0.0031109836787202028
2009-01-09,8599.18,-0.01652476471836195
2009-01-12,8473.97,-0.014667737918898638
2009-01-13,8448.56,-0.003003099311616353
2009-01-14,8200.14,-0.029844785350555014
2009-01-15,8212.49,0.001504938858781557
2009-01-16,8281.22,0.008334134384448078
2009-01-19,,
2009-01-20,7949.09,
2009-01-21,8228.1,0.03449766863286463
2009-01-22,8122.8,-0.012880203018209357
2009-01-23,8077.56,-0.005585075590643029
2009-01-26,8116.03,0.004751271629123366
2009-01-27,8174.73,0.007206570356053987
2009-01-28,8375.45,0.024257118895977925
2009-01-29,8149.01,-0.027408360129172138
2009-01-30,8000.86,-0.01834741157964004
2009-02-02,7936.83,-0.008035084694812511
2009-02-03,8078.36,0.017674930427402202
2009-02-04,7956.66,-0.015179567824242568
2009-02-05,8063.07,0.013285063486874193
2009-02-06,8280.59,0.026619844599878206
2009-02-09,8270.87,-0.0011745188783827132
2009-02-10,7888.88,-0.047285530074944404
2009-02-11,7939.53,0.0063999066084559075
2009-02-12,7932.76,-0.0008530590621216305
2009-02-13,7850.41,-0.010435260760454312
2009-02-16,,
2009-02-17,7552.6,
2009-02-18,7555.63,0.00040110589269914954
2009-02-19,7465.95,-0.011940297289077861
2009-02-20,7365.67,-0.013522666858570176
2009-02-23,7114.78,-0.034655706111413664
2009-02-24,7350.94,0.03265388573036887
2009-02-25,7270.89,-0.010949491243390952
2009-02-26,7182.08,-0.012289670260079433
2009-02-27,7062.93,-0.016729055125463077
2009-03-02,6763.29,-0.04335052152290153
2009-03-03,6726.02,-0.005525871202806343
2009-03-04,6875.84,0.02203023105803581
2009-03-05,6594.44,-0.04178694815598227
2009-03-06,6626.94,0.004916289443329447
2009-03-09,6547.05,-0.012128592679093941
2009-03-10,6926.49,0.05633862486867436
2009-03-11,6930.4,0.0005643402096389138
2009-03-12,7170.06,0.03399649118355974
2009-03-13,7223.98,0.007492024784220064
2009-03-16,7216.97,-0.0009708503319529882
2009-03-17,7395.7,0.024463553006381034
2009-03-18,7486.58,0.01221333420383175
2009-03-19,7400.8,-0.011523981964860042
2009-03-20,7278.38,-0.016679792501816948
2009-03-23,7775.86,0.06611575290768101
2009-03-24,7659.97,-0.015015995585091702
2009-03-25,7749.81,0.011660259639953097
2009-03-26,7924.56,0.022298470781594304
2009-03-27,7776.18,-0.018901582678919837
2009-03-30,7522.02,-0.033230496126439135
2009-03-31,7608.92,0.01148652436202191
2009-04-01,7761.6,0.019867255234860437
2009-04-02,7978.08,0.027509282499957877
2009-04-03,8017.59,0.0049400969577355625
2009-04-06,7975.85,-0.0052196519030722754
2009-04-07,7789.56,-0.02363385044607469
2009-04-08,7837.11,0.006085768338019548
2009-04-09,8083.38,0.030939957939212448
2009-04-10,,
2009-04-13,8057.81,
2009-04-14,7920.18,-0.01722787459849151
2009-04-15,8029.62,0.013723271457649844
2009-04-16,8125.43,0.011861445593897457
2009-04-17,8131.33,0.0007258519236348349
2009-04-20,7841.73,-0.036265028530918286
2009-04-21,7969.56,0.016169810966745857
2009-04-22,7886.57,-0.010467971418592015
2009-04-23,7957.06,0.008898272064099544
2009-04-24,8076.29,0.01487302377434041
2009-04-27,8025.0,-0.006370939655578667
2009-04-28,8016.95,-0.0010036187216257986
2009-04-29,8185.73,0.020834344089852408
2009-04-30,8168.12,-0.0021536221509190767
2009-05-01,8212.41,0.005407652613182989
2009-05-04,8426.74,0.025763558257756003
2009-05-05,8410.65,-0.0019112231643703126
2009-05-06,8512.28,0.012011066855155406
2009-05-07,8409.85,-0.012106188878947322
2009-05-08,8574.65,0.019406537976299987
2009-05-11,8418.77,-0.018346439069157228
2009-05-12,8469.11,0.005961689578269258
2009-05-13,8284.89,-0.021992052617829216
2009-05-14,8331.32,0.005588533226362102
2009-05-15,8268.64,-0.007551861316484221
2009-05-18,8504.08,0.028076002639496167
2009-05-19,8474.85,-0.003443094338281938
2009-05-20,8422.04,-0.006250874800695527
2009-05-21,8292.13,-0.01554520698180717
2009-05-22,8277.32,-0.0017876277056778633
2009-05-25,,
2009-05-26,8473.49,
2009-05-27,8300.02,-0.020684541862511452
2009-05-28,8403.8,0.012426060070032108
2009-05-29,8500.33,0.011421001763833871
2009-06-01,8721.44,0.025679375629783507
2009-06-02,8740.87,0.002225365145678282
2009-06-03,8675.28,-0.007532125078427043
2009-06-04,8750.24,0.008603526595690525
2009-06-05,8763.13,0.0014720185010137499
2009-06-08,8764.49,0.0001551836476068047
2009-06-09,8763.06,-0.00016317169292534572
2009-06-10,8739.02,-0.0027471037863282532
2009-06-11,8770.92,0.003643648726663784
2009-06-12,8799.26,0.0032259230784053017
2009-06-15,8612.13,-0.021495952435067522
2009-06-16,8504.67,-0.012556250214572628
2009-06-17,8497.18,-0.0008810806452874687
2009-06-18,8555.6,0.006851695564863647
2009-06-19,8539.73,-0.00185664793353979
2009-06-22,8339.01,-0.023784887086943485
2009-06-23,8322.91,-0.0019325509918175499
2009-06-24,8299.86,-0.00277330610644988
2009-06-25,8472.4,0.02057517434729128
2009-06-26,8438.39,-0.004022289420356984
2009-06-29,8529.38,0.010725142102142371
2009-06-30,8447.0,-0.009705325474133275
2009-07-01,8504.06,0.0067323477726901615
2009-07-02,8280.74,-0.026611360133642847
2009-07-03,,
2009-07-06,8324.87,
2009-07-07,8163.6,-0.01956217197208865
2009-07-08,8178.41,0.0018125070360941464
2009-07-09,8183.17,0.0005818509134556393
2009-07-10,8146.52,-0.0044887639065276375
2009-07-13,8331.68,0.02247427431630733
2009-07-14,8359.49,0.0033323039348456263
2009-07-15,8616.21,0.030247892365062867
2009-07-16,8711.82,0.011035411444073162
2009-07-17,8743.94,0.0036801647423807538
2009-07-20,8848.15,0.011847508617433888
2009-07-21,8915.94,0.007632288405874377
2009-07-22,8881.26,-0.0038972471956100208
2009-07-23,9069.29,0.02095054218863268
2009-07-24,9093.24,0.00263729930595602
2009-07-27,9108.51,0.0016778610388961113
2009-07-28,9096.72,-0.0012952323753410155
2009-07-29,9070.72,-0.002862265432064248
2009-07-30,9154.46,0.009189548668830483
2009-07-31,9171.61,0.0018716511512284484
2009-08-03,9286.56,0.012455350239742202
2009-08-04,9320.19,0.003614821139647617
2009-08-05,9280.97,-0.004216947558067119
2009-08-06,9256.26,-0.002665987813227133
2009-08-07,9370.07,0.012220487488937337
2009-08-10,9337.95,-0.003433824804654151
2009-08-11,9241.45,-0.01038794231992668
2009-08-12,9361.61,0.012918484495875404
2009-08-13,9398.19,0.003899833298987687
2009-08-14,9321.4,-0.008204285535029499
2009-08-17,9135.34,-0.020162423385855277
2009-08-18,9217.94,0.009001176650173193
2009-08-19,9279.16,0.006619440186785397
2009-08-20,9350.05,0.007610665420083151
2009-08-21,9505.96,0.016537279434370333
2009-08-24,9509.28,0.00034919359773866177
2009-08-25,9539.29,0.003150895298558609
2009-08-26,9543.52,0.00044333094227511083
2009-08-27,9580.63,0.0038809616718964435
2009-08-28,9544.2,-0.0038097116744850723
2009-08-31,9496.28,-0.005033497178162705
2009-09-01,9310.6,-0.019746606928338295
2009-09-02,9280.67,-0.0032197935759317176
2009-09-03,9344.61,0.006865964021505633
2009-09-04,9441.27,0.010290798517534228
2009-09-07,,
2009-09-08,9497.34,
2009-09-09,9547.22,0.0052382532393462355
2009-09-10,9627.48,0.008371496683748703
2009-09-11,9605.41,-0.002295027911788594
2009-09-14,9626.8,0.0022243942656299254
2009-09-15,9683.41,0.005863236306176134
2009-09-16,9791.71,0.011121997336047684
2009-09-17,9783.92,-0.0007958875817752897
2009-09-18,9820.2,0.0037012670211957754
2009-09-21,9778.86,-0.004218575922369183
2009-09-22,9829.87,0.00520279641426491
2009-09-23,9748.55,-0.008307153248225063
2009-09-24,9707.44,-0.004225954184894576
2009-09-25,9665.19,-0.004361830787644294
2009-09-28,9789.36,0.012765310547216302
2009-09-29,9742.2,-0.0048291167371186106
2009-09-30,9712.28,-0.0030759006244149845
2009-10-01,9509.28,-0.021122900302582792
2009-10-02,9487.67,-0.0022751030372010206
2009-10-05,9599.75,0.011743995593246126
2009-10-06,9731.25,0.013605300132137899
2009-10-07,9725.58,-0.0005828287712343894
2009-10-08,9786.87,0.00628216360019529
2009-10-09,9864.94,0.007945365918486047
2009-10-12,9885.8,0.0021123267033349435
2009-10-13,9871.06,-0.0014921402221670377
2009-10-14,10015.86,0.01456259279548533
2009-10-15,10062.94,0.004689531872500652
2009-10-16,9995.91,-0.006683359166039793
2009-10-19,10092.19,0.009585848064356028
2009-10-20,10041.48,-0.005037343636779212
2009-10-21,9949.36,-0.009216286264571494
2009-10-22,10081.31,0.013174987022834372
2009-10-23,9972.18,-0.010883998476654
2009-10-26,9867.96,-0.010506070887306151
2009-10-27,9882.17,0.0014389781183208328
2009-10-28,9762.69,-0.012164146066602655
2009-10-29,9962.58,0.020268096992685614
2009-10-30,9712.73,-0.025398677959955762
2009-11-02,9789.44,0.007866857443564967
2009-11-03,9771.91,-0.001792310315263279
2009-11-04,9802.14,0.003088785819423734
2009-11-05,10005.96,0.020580186271798695
2009-11-06,10023.42,0.0017434393298820794
2009-11-09,10226.94,0.02010106019708502
2009-11-10,10246.97,0.0019566371435910668
2009-11-11,10291.26,0.004312939202142374
2009-11-12,10197.47,-0.009155341021559238
2009-11-13,10270.47,0.007133136947805596
2009-11-16,10406.96,0.013202025825973962
2009-11-17,10437.42,0.0029226123954355643
2009-11-18,10426.31,-0.0010650062141444039
2009-11-19,10332.44,-0.009043958795819762
2009-11-20,10318.16,-0.0013830108835701793
2009-11-23,10450.95,0.012787433786341396
2009-11-24,10433.71,-0.0016509729069991153
2009-11-25,10464.4,0.0029371098211825597
2009-11-26,,
2009-11-27,10309.92,
2009-11-30,10344.84,0.003381306127080208
2009-12-01,10471.58,0.012177076182414481
2009-12-02,10452.68,-0.0018065159905304995
2009-12-03,10366.15,-0.008312714814122657
2009-12-04,10388.9,0.0021922384297994313
2009-12-07,10390.11,0.00011646368150941555
2009-12-08,10285.97,-0.010073561395255837
2009-12-09,10337.05,0.004953697805152757
2009-12-10,10405.83,0.006631697437882167
2009-12-11,10471.5,0.006291055090573039
2009-12-14,10501.05,0.002817971067381464
2009-12-15,10452.0,-0.0046819045054444786
2009-12-16,10441.12,-0.0010414912644414187
2009-12-17,10308.26,-0.012806340794234927
2009-12-18,10328.89,0.0019993077408368976
2009-12-21,10414.14,0.008219674751339667
2009-12-22,10464.93,0.004865168820515464
2009-12-23,10466.44,0.0001442810482661372
2009-12-24,10520.1,0.005113765007159543
2009-12-25,,
2009-12-28,10547.08,
2009-12-29,10545.41,-0.00015835019985566134
2009-12-30,10548.51,0.00029392355923540947
2009-12-31,10428.05,-0.011485326877341606
2010-01-01,,
2010-01-04,10583.96,
2010-01-05,10572.02,-0.0011287589861339598
2010-01-06,10573.68,0.00015700591641909512
2010-01-07,10606.86,0.003133067158962888
2010-01-08,10618.19,0.00106760653813609
2010-01-11,10663.99,0.004304076998129958
2010-01-12,10627.26,-0.0034502470673896113
2010-01-13,10680.77,0.005022530237290823
2010-01-14,10710.55,0.0027843087045411608
2010-01-15,10609.65,-0.009465272681600467
2010-01-18,,
2010-01-19,10725.43,
2010-01-20,10603.15,-0.011466430467320876
2010-01-21,10389.88,-0.020318871305592623
2010-01-22,10172.98,-0.02109706965626934
2010-01-25,10196.86,0.0023446439382670548
2010-01-26,10194.29,-0.00025207013960582003
2010-01-27,10236.16,0.004098789661339808
2010-01-28,10120.46,-0.011367431909532044
2010-01-29,10067.33,-0.00526358979021424
2010-02-01,10185.53,0.01167255805311207
2010-02-02,10296.85,0.010869937584150335
2010-02-03,10270.55,-0.0025574466713980115
2010-02-04,10002.18,-0.026477507311899018
2010-02-05,10012.23,0.0010042765032469703
2010-02-08,9908.39,-0.01042547275469019
2010-02-09,10058.64,0.015050093681900023
2010-02-10,10038.38,-0.002016220003095981
2010-02-11,10144.19,0.010485381140513894
2010-02-12,10099.14,-0.00445085609635143
2010-02-15,,
2010-02-16,10268.81,
2010-02-17,10309.24,0.003929434715287172
2010-02-18,10392.9,0.008082300227291839
2010-02-19,10402.35,0.0009088614611982848
2010-02-22,10383.38,-0.001825291223049419
2010-02-23,10282.41,-0.009771782588368083
2010-02-24,10374.16,0.00888343063468433
2010-02-25,10321.03,-0.005134537708931575
2010-02-26,10325.26,0.00040975885344884944
2010-03-01,10403.79,0.007576842710179221
2010-03-02,10405.98,0.00021047805988239077
2010-03-03,10396.76,-0.0008864217505699656
2010-03-04,10444.14,0.0045468364251757265
2010-03-05,10566.2,0.01161917162923487
2010-03-08,10552.52,-0.0012955332438124856
2010-03-09,10564.38,0.001123271052760444
2010-03-10,10567.33,0.0002792012590706605
2010-03-11,10611.84,0.004203192620787277
2010-03-12,10624.69,0.0012101790234346765
2010-03-15,10642.15,0.0016419932554985195
2010-03-16,10685.98,0.004110070756366824
2010-03-17,10733.67,0.004452927923846772
2010-03-18,10779.17,0.004230038232526212
2010-03-19,10741.98,-0.0034561384516358373
2010-03-22,10785.89,0.004079368826836571
2010-03-23,10888.83,0.00949869469877207
2010-03-24,10836.15,-0.004849726283023159
2010-03-25,10841.21,0.0004668465248442999
2010-03-26,10850.36,0.0008436457612521764
2010-03-29,10895.86,0.004184641413239376
2010-03-30,10907.42,0.0010603910130217997
2010-03-31,10856.63,-0.004667338312579261
2010-04-01,10927.07,0.00646724344477434
2010-04-02,,
2010-04-05,10973.55,
2010-04-06,10969.99,-0.00032446907210292864
2010-04-07,10897.52,-0.006628122297646755
2010-04-08,10927.07,0.0027079563059437817
2010-04-09,10997.35,0.006411137966212621
2010-04-12,11005.97,0.0007835181637130262
2010-04-13,11019.42,0.0012213179128135465
2010-04-14,11123.11,0.009365755218583516
2010-04-15,11144.57,0.00192745779028769
2010-04-16,11018.66,-0.011362184534549513
2010-04-19,11092.05,0.006638436261654945
2010-04-20,11117.06,0.0022522298797209572
2010-04-21,11124.92,0.0007067716387840761
2010-04-22,11134.29,0.0008418987514335896
2010-04-23,11204.28,0.006266312393560014
2010-04-26,11205.03,6.693646527011765e-05
2010-04-27,10991.99,-0.019195958898444943
2010-04-28,11045.27,0.0048354562966945736
2010-04-29,11167.32,0.010989373890376797
2010-04-30,11008.61,-0.014313962014242065
2010-05-03,11151.83,0.012925916099678858
2010-05-04,10926.77,-0.02038786841071527
2010-05-05,10868.12,-0.005382008495692148
2010-05-06,10520.32,-0.03252510799524444
2010-05-07,10380.43,-0.013386322399288275
2010-05-10,10785.14,0.03824695805038658
2010-05-11,10748.26,-0.003425379741250012
2010-05-12,10896.91,0.013735381799010682
2010-05-13,10782.95,-0.01051307984605998
2010-05-14,10620.16,-0.015212101347012563
2010-05-17,10625.83,0.0005337477928399892
2010-05-18,10510.95,-0.010870258497931218
2010-05-19,10444.37,-0.006354493659774363
2010-05-20,10068.01,-0.036700006730304935
2010-05-21,10193.39,0.012376400487863037
2010-05-24,10066.57,-0.012519437988764537
2010-05-25,10043.75,-0.0022694825139168984
2010-05-26,9974.45,-0.00692372709251643
2010-05-27,10258.99,0.028127570940057467
2010-05-28,10136.63,-0.01199879856777919
2010-05-31,,
2010-06-01,10024.02,
2010-06-02,10249.54,0.022248613725317057
2010-06-03,10255.28,0.0005598683772838342
2010-06-04,9931.97,-0.03203384780418084
2010-06-07,9816.49,-0.011695222438557806
2010-06-08,9939.98,0.012501383930892729
2010-06-09,9899.25,-0.00410601189898685
2010-06-10,10172.53,0.02723195332187167
2010-06-11,10211.07,0.0037814758850647223
2010-06-14,10190.89,-0.0019782419513703076
2010-06-15,10404.77,0.020770170893351647
2010-06-16,10409.46,0.0004506532386141515
2010-06-17,10434.17,0.00237098927353685
2010-06-18,10450.64,0.0015772231985149432
2010-06-21,10442.41,-0.0007878218283767779
2010-06-22,10293.52,-0.014360827687184496
2010-06-23,10298.44,0.0004778564151859399
2010-06-24,10152.8,-0.014242897940428989
2010-06-25,10143.81,-0.0008858622782721426
2010-06-28,10138.52,-0.0005216363327047446
2010-06-29,9870.3,-0.026811782782594662
2010-06-30,9774.02,-0.009802403029235407
2010-07-01,9732.53,-0.004253962137596545
2010-07-02,9686.48,-0.004742784139944334
2010-07-05,,
2010-07-06,9743.62,
2010-07-07,10018.28,0.02779871238627507
2010-07-08,10138.99,0.011976963443999011
2010-07-09,10198.03,0.005806176702526145
2010-07-12,10216.27,0.001786983129848707
2010-07-13,10363.02,0.01426215263151498
2010-07-14,10366.72,0.0003569750550926898
2010-07-15,10359.31,-0.0007150429016764548
2010-07-16,10097.9,-0.02555815086009261
2010-07-19,10154.43,0.005582582035163597
2010-07-20,10229.96,0.007410606415691134
2010-07-21,10120.53,-0.01075463585798353
2010-07-22,10322.3,0.019740569409558262
2010-07-23,10424.62,0.00986371274215081
2010-07-26,10525.43,0.00962391765959758
2010-07-27,10537.69,0.0011641201668624035
2010-07-28,10497.88,-0.0037850219915878114
2010-07-29,10467.16,-0.0029305951227627247
2010-07-30,10465.94,-0.00011656180894092927
2010-08-02,10674.38,0.019720302718351235
2010-08-03,10636.38,-0.003566277342969215
2010-08-04,10680.43,0.004132894434093259
2010-08-05,10674.98,-0.0005104093172008106
2010-08-06,10653.56,-0.002008576977267751
2010-08-09,10698.75,0.004232803614318215
2010-08-10,10644.25,-0.005107071963317722
2010-08-11,10378.83,-0.025251685628640885
2010-08-12,10319.95,-0.005689239541284863
2010-08-13,10303.15,-0.0016292413571381559
2010-08-16,10302.01,-0.00011065189507597495
2010-08-17,10405.85,0.010029126175277625
2010-08-18,10415.54,0.0009307736610839612
2010-08-19,10271.21,-0.013954085774249947
2010-08-20,10213.62,-0.005622712194833568
2010-08-23,10174.41,-0.0038463793060401485
2010-08-24,10040.45,-0.013253810413166534
2010-08-25,10060.06,0.0019511948922215083
2010-08-26,9985.81,-0.007408043608402082
2010-08-27,10150.65,0.016372657586112283
2010-08-30,10009.73,-0.01398012290985129
2010-08-31,10014.72,0.0004983907276638888
2010-09-01,10269.47,0.025119405323531296
2010-09-02,10320.1,0.004918033941377686
2010-09-03,10447.93,0.012310422735820836
2010-09-06,,
2010-09-07,10340.69,
2010-09-08,10387.01,0.004469388992040635
2010-09-09,10415.24,0.0027141311473233287
2010-09-10,10462.77,0.004553123799801995
2010-09-13,10544.13,0.00774606503672004
2010-09-14,10526.49,-0.0016743697262988633
2010-09-15,10572.73,0.004383107435137035
2010-09-16,10594.83,0.0020881016073630576
2010-09-17,10607.85,0.001228146784892914
2010-09-20,10753.62,0.013648149002081666
2010-09-21,10761.03,0.0006888329852436925
2010-09-22,10739.31,-0.002020433852552017
2010-09-23,10662.42,-0.007185431347995319
2010-09-24,10860.26,0.01838484542852825
2010-09-27,10812.04,-0.004449927286943378
2010-09-28,10858.14,0.004254701118650672
2010-09-29,10835.28,-0.002107552286506831
2010-09-30,10788.05,-0.004368436786418073
2010-10-01,10829.68,0.003851472977141057
2010-10-04,10751.27,-0.007266625892638601
2010-10-05,10944.72,0.017833261059216454
2010-10-06,10967.65,0.002092882547140462
2010-10-07,10948.58,-0.0017402632489993408
2010-10-08,11006.48,0.0052744227735370686
2010-10-11,11010.34,0.00035064101351167665
2010-10-12,11020.4,0.0009132694316420498
2010-10-13,11096.08,0.006843792085195588
2010-10-14,11094.57,-0.0001360933548433252
2010-10-15,11062.78,-0.0028694786888312507
2010-10-18,11143.69,0.007287097682660004
2010-10-19,10978.62,-0.01492367330836153
2010-10-20,11107.97,0.011713123562195449
2010-10-21,11146.57,0.0034689585772884612
2010-10-22,11132.56,-0.0012576794378134082
2010-10-25,11164.05,0.0028246465213541683
2010-10-26,11169.46,0.0004844737890117301
2010-10-27,11126.28,-0.0038733905209102915
2010-10-28,11113.95,-0.0011088015963185427
2010-10-29,11118.49,0.00040841221774101655
2010-11-01,11124.62,0.0005511819305130672
2010-11-02,11188.72,0.005745457769194218
2010-11-03,11215.13,0.0023576315886035815
2010-11-04,11434.84,0.019401075724069017
2010-11-05,11444.08,0.0008077304787441619
2010-11-08,11406.84,-0.003259390253754546
2010-11-09,11346.75,-0.005281816161499364
2010-11-10,11357.04,0.0009064566492718029
2010-11-11,11283.1,-0.006531784952079178
2010-11-12,11192.58,-0.008054972257159676
2010-11-15,11201.97,0.0008385969399071769
2010-11-16,11023.5,-0.016060298035958098
2010-11-17,11007.88,-0.0014179776861205085
2010-11-18,11181.23,0.01562509959573788
2010-11-19,11203.55,0.0019942127996799286
2010-11-22,11178.58,-0.0022312452263779647
2010-11-23,11036.37,-0.01280326470469717
2010-11-24,11187.28,0.013581236170027822
2010-11-25,,
2010-11-26,11092.0,
2010-11-29,11052.49,-0.003568385808355501
2010-11-30,11006.02,-0.004213346118637773
2010-12-01,11255.78,0.02243937866305501
2010-12-02,11362.41,0.009428764190554162
2010-12-03,11382.09,0.0017305286914517382
2010-12-06,11362.19,-0.0017498909684547925
2010-12-07,11359.16,-0.00026670950607865507
2010-12-08,11372.48,0.0011719349351402286
2010-12-09,11370.06,-0.0002128170388306927
2010-12-10,11410.32,0.0035346242613965018
2010-12-13,11428.56,0.001597276563297001
2010-12-14,11476.54,0.004189466116910623
2010-12-15,11457.47,-0.0016630327095104036
2010-12-16,11499.25,0.003639896825683664
2010-12-17,11491.91,-0.0006385062997580349
2010-12-20,11478.13,-0.0011998239143782286
2010-12-21,11533.16,0.004782878743883501
2010-12-22,11559.49,0.0022803802430608755
2010-12-23,11573.49,0.0012103932748157575
2010-12-24,,
2010-12-27,11555.03,
2010-12-28,11575.54,0.0017734111502925032
2010-12-29,11585.38,0.0008497072302855457
2010-12-30,11569.71,-0.001353482313579235
2010-12-31,11577.51,0.0006739470480887633
2011-01-03,11670.75,0.008021288468862409
2011-01-04,11691.18,0.0017489997793802559
2011-01-05,11722.89,0.0027086294170270975
2011-01-06,11697.31,-0.0021844399425994254
2011-01-07,11674.76,-0.001929654240912626
2011-01-10,11637.45,-0.003200900459955136
2011-01-11,11671.88,0.0029541840147100373
2011-01-12,11755.44,0.007133582018749252
2011-01-13,11731.9,-0.002004484788987071
2011-01-14,11787.38,0.0047178402490377636
2011-01-17,,
2011-01-18,11837.93,
2011-01-19,11825.29,-0.0010683246998652862
2011-01-20,11822.8,-0.00021058783260841096
2011-01-21,11871.84,0.004139338687689786
2011-01-24,11980.52,0.009112788176171449
2011-01-25,11977.19,-0.0002779898430560479
2011-01-26,11985.44,0.0006885721914464682
2011-01-27,11989.83,0.00036621068701769843
2011-01-28,11823.7,-0.013952798697362212
2011-01-31,11891.93,0.005754027048926247
2011-02-01,12040.16,0.012387710020519194
2011-02-02,12041.97,0.00015031892971251182
2011-02-03,12062.26,0.0016835223354778606
2011-02-04,12092.15,0.002474911641957789
2011-02-07,12161.63,0.005729431871213109
2011-02-08,12233.15,0.005863566296813616
2011-02-09,12239.89,0.0005508102115960867
2011-02-10,12229.29,-0.000866396067467079
2011-02-11,12273.26,0.003589018057166271
2011-02-14,12268.19,-0.000413178526299518
2011-02-15,12226.64,-0.0033925558863980854
2011-02-16,12288.17,0.0050198332523407885
2011-02-17,12318.14,0.0024359617366389585
2011-02-18,12391.25,0.00591760568329569
2011-02-21,,
2011-02-22,12212.79,
2011-02-23,12105.78,-0.00880073875118903
2011-02-24,12068.5,-0.003084272172978686
2011-02-25,12130.45,0.00512006804719789
2011-02-28,12226.34,0.007873820434266321
2011-03-01,12058.02,-0.013862642090284538
2011-03-02,12066.8,0.0007278811106274929
2011-03-03,12258.2,0.015737220979460176
2011-03-04,12169.88,-0.007231054167204931
2011-03-07,12090.03,-0.006582900625378585
2011-03-08,12214.38,0.010232800142651044
2011-03-09,12213.09,-0.00010561879729564794
2011-03-10,11984.61,-0.01888500067751231
2011-03-11,12044.4,0.0049764949445734175
2011-03-14,11993.16,-0.004263334349374759
2011-03-15,11855.42,-0.011551340297019763
2011-03-16,11613.3,-0.020634153931213817
2011-03-17,11774.59,0.013792826715349094
2011-03-18,11858.52,0.007102776811979794
2011-03-21,12036.53,0.014899595785944797
2011-03-22,12018.63,-0.0014882464555512342
2011-03-23,12086.02,0.005591466839479864
2011-03-24,12170.56,0.006970507986045149
2011-03-25,12220.59,0.004102313352406739
2011-03-28,12197.88,-0.001860067936096499
2011-03-29,12279.01,0.0066291344290441145
2011-03-30,12350.61,0.005814153990145954
2011-03-31,12319.73,-0.0025034122859484143
2011-04-01,12376.72,0.0046152464147333205
2011-04-04,12400.03,0.001881603267360532
2011-04-05,12393.9,-0.0004944758757403633
2011-04-06,12426.75,0.0026469910482163073
2011-04-07,12409.49,-0.0013899046537328985
2011-04-08,12380.05,-0.0023751964611378185
2011-04-11,12381.11,8.561795979211695e-05
2011-04-12,12263.58,-0.009538029572556894
2011-04-13,12270.99,0.0006040456568268127
2011-04-14,12285.15,0.0011532758462404757
2011-04-15,12341.83,0.004603089788517423
2011-04-18,12201.59,-0.011428034583202518
2011-04-19,12266.75,0.005326078845834914
2011-04-20,12453.54,0.015112569881951643
2011-04-21,12505.99,0.004202809684690223
2011-04-22,,
2011-04-25,12479.88,
2011-04-26,12595.37,0.009211538599448232
2011-04-27,12690.96,0.007560642873286838
2011-04-28,12763.31,0.0056847196826854685
2011-04-29,12810.54,0.003693620921049856
2011-05-02,12807.36,-0.0002482639104943729
2011-05-03,12807.51,1.1711947006887158e-05
2011-05-04,12723.58,-0.006574752769212822
2011-05-05,12584.17,-0.01101728997142537
2011-05-06,12638.74,0.004327025322890421
2011-05-09,12684.68,0.0036282658817299307
2011-05-10,12760.36,0.005948524597402027
2011-05-11,12630.03,-0.010266179028313616
2011-05-12,12695.92,0.005203370350535863
2011-05-13,12595.75,-0.00792122653587235
2011-05-16,12548.37,-0.003768678806649106
2011-05-17,12479.58,-0.0054970681356820705
2011-05-18,12560.18,0.006437783618729043
2011-05-19,12605.32,0.003587454921381905
2011-05-20,12512.04,-0.007427566340142633
2011-05-23,12381.26,-0.01050734159150224
2011-05-24,12356.21,-0.002025268433863303
2011-05-25,12394.66,0.003106963992015821
2011-05-26,12402.76,0.0006532937933130256
2011-05-27,12441.58,0.003125060403538882
2011-05-30,,
2011-05-31,12569.79,
2011-06-01,12290.14,-0.022499001130523055
2011-06-02,12248.55,-0.0033897522503352207
2011-06-03,12151.26,-0.00797469452442634
2011-06-06,12089.96,-0.0050575120116125305
2011-06-07,12070.81,-0.0015852147104737924
2011-06-08,12048.94,-0.0018134521289390193
2011-06-09,12124.36,0.006239962662917264
2011-06-10,11951.91,-0.01432555368366728
2011-06-13,11952.97,8.868482089852137e-05
2011-06-14,12076.11,0.01024933771706138
2011-06-15,11897.27,-0.014920158745713508
2011-06-16,11961.52,0.005385868714327557
2011-06-17,12004.36,0.0035750863835595226
2011-06-20,12080.38,0.006312731833791219
2011-06-21,12190.01,0.009034114871836252
2011-06-22,12109.67,-0.006612456850122683
2011-06-23,12050.0,-0.004939647050601792
2011-06-24,11934.58,-0.009624591380910985
2011-06-27,12043.56,0.009090008683013906
2011-06-28,12188.69,0.011978395344264925
2011-06-29,12261.42,0.005949275035264989
2011-06-30,12414.34,0.012394508430523032
2011-07-01,12582.77,0.013476161764057082
2011-07-04,,
2011-07-05,12569.87,
2011-07-06,12626.02,0.004457083512779292
2011-07-07,12719.49,0.0073756987914261884
2011-07-08,12657.2,-0.004909239550336508
2011-07-11,12505.76,-0.012036885045677792
2011-07-12,12446.88,-0.004719349077491941
2011-07-13,12491.61,0.0035872298576435924
2011-07-14,12437.12,-0.0043716696985445225
2011-07-15,12479.73,0.003420178837719945
2011-07-18,12385.16,-0.007606746380538709
2011-07-19,12587.42,0.01619892080173635
2011-07-20,12571.91,-0.0012329423688779428
2011-07-21,12724.41,0.012057235795094101
2011-07-22,12681.16,-0.003404768464640995
2011-07-25,12592.8,-0.00699220541616441
2011-07-26,12501.3,-0.007292583157843424
2011-07-27,12302.55,-0.01602608093630309
2011-07-28,12240.11,-0.005088293992425719
2011-07-29,12143.24,-0.007945627622175877
2011-08-01,12132.49,-0.0008856582852647676
2011-08-02,11866.62,-0.02215756146658876
2011-08-03,11896.44,0.0025097790985668667
2011-08-04,11383.68,-0.04405844493151889
2011-08-05,11444.61,0.0053381260432807665
2011-08-08,10809.85,-0.05706112129406016
2011-08-09,11239.77,0.039000626108588676
2011-08-10,10719.94,-0.04735282301066235
2011-08-11,11143.31,0.03873375922202804
2011-08-12,11269.02,0.011218049914912598
2011-08-15,11482.9,0.01880160448147805
2011-08-16,11405.93,-0.006725576635785657
2011-08-17,11410.21,0.00037517301788980717
2011-08-18,10990.58,-0.03747002633939722
2011-08-19,10817.65,-0.015859482832276228
2011-08-22,10854.65,0.003414500163618328
2011-08-23,11176.76,0.02924306290131362
2011-08-24,11320.71,0.012797169150374543
2011-08-25,11149.82,-0.015210437378161856
2011-08-26,11284.54,0.01201029308709245
2011-08-29,11539.25,0.022320620268281743
2011-08-30,11559.95,0.0017922703419266384
2011-08-31,11613.53,0.004624259755420468
2011-09-01,11493.57,-0.0103830491680732
2011-09-02,11240.26,-0.022285772692100636
2011-09-05,,
2011-09-06,11139.3,
2011-09-07,11414.86,0.02443661944231934
2011-09-08,11295.81,-0.010484154846267302
2011-09-09,10992.13,-0.027252298302938627
2011-09-12,11061.12,0.006256694596762813
2011-09-13,11105.85,0.004035739725411602
2011-09-14,11246.73,0.012605423216671241
2011-09-15,11433.18,0.016442234603118777
2011-09-16,11509.09,0.0066175035876234745
2011-09-19,11401.01,-0.009435209955521273
2011-09-20,11408.66,0.0006707681686624056
2011-09-21,11124.84,-0.025192270209492662
2011-09-22,10733.83,-0.03578000982280649
2011-09-23,10771.48,0.00350146437940424
2011-09-26,11043.86,0.02497271693809111
2011-09-27,11190.69,0.013207565200092475
2011-09-28,11010.9,-0.016196491358240195
2011-09-29,11153.98,0.012910693624087699
2011-09-30,10913.38,-0.021806825506457628
2011-10-03,10655.3,-0.023932138430966532
2011-10-04,10808.71,0.014294869630594675
2011-10-05,10939.95,0.012068936019270282
2011-10-06,11123.33,0.01662347782528606
2011-10-07,11103.12,-0.0018185545212823229
2011-10-10,11433.18,0.029293504431654682
2011-10-11,11416.3,-0.0014774955990883853
2011-10-12,11518.85,0.008942665159821672
2011-10-13,11478.13,-0.0035413382588540543
2011-10-14,11644.49,0.014389621119793361
2011-10-17,11397.0,-0.021482943883212258
2011-10-18,11577.05,0.01567452724884788
2011-10-19,11504.62,-0.006275996298365172
2011-10-20,11541.78,0.0032248014616858
2011-10-21,11808.79,0.022870674128428803
2011-10-24,11913.62,0.008838114034348976
2011-10-25,11706.62,-0.017527789690257478
2011-10-26,11869.04,0.013778835434255399
2011-10-27,12208.55,0.02820319675936922
2011-10-28,12231.11,0.0018461800538762674
2011-10-31,11955.01,-0.022832268625753827
2011-11-01,11657.96,-0.025161228882822684
2011-11-02,11836.04,0.015159905555149678
2011-11-03,12044.47,0.017456519385932623
2011-11-04,11983.24,-0.005096626564949247
2011-11-07,12068.39,0.007080630772355434
2011-11-08,12170.18,0.00839905971272259
2011-11-09,11780.94,-0.032505726053678075
2011-11-10,11893.79,0.009533443862800084
2011-11-11,12153.68,0.021615589418361836
2011-11-14,12078.98,-0.006165252730340853
2011-11-15,12096.16,0.0014212950073559938
2011-11-16,11905.59,-0.015880009143282692
2011-11-17,11770.73,-0.011392096280683717
2011-11-18,11796.16,0.0021581133420589538
2011-11-21,11547.31,-0.021321545371629114
2011-11-22,11493.72,-0.0046517101564891306
2011-11-23,11257.55,-0.020761784585713983
2011-11-24,,
2011-11-25,11231.78,
2011-11-28,11523.01,0.025598645664016928
2011-11-29,11555.63,0.002826858231035345
2011-11-30,12045.68,0.04153332534178311
2011-12-01,12020.03,-0.0021316644896636205
2011-12-02,12019.42,-5.0749913174996664e-05
2011-12-05,12097.83,0.006502422645548123
2011-12-06,12150.13,0.004313771641207609
2011-12-07,12196.37,0.003798497163709058
2011-12-08,11997.7,-0.016423401730571996
2011-12-09,12184.26,0.015429990075835676
2011-12-12,12021.39,-0.013457391806563024
2011-12-13,11954.94,-0.005542980943086917
2011-12-14,11823.48,-0.011057197187467338
2011-12-15,11868.81,0.0038265659682892306
2011-12-16,11866.39,-0.00020391654659590586
2011-12-19,11766.26,-0.008473920543959679
2011-12-20,12103.58,0.02826516284367031
2011-12-21,12107.74,0.0003436409118489081
2011-12-22,12169.65,0.005100229818935986
2011-12-23,12294.0,0.010166191142978676
2011-12-26,,
2011-12-27,12291.35,
2011-12-28,12151.41,-0.011450550512082103
2011-12-29,12287.04,0.011099835917335099
2011-12-30,12217.56,-0.005670787214949513
2012-01-02,,
2012-01-03,12397.38,
2012-01-04,12418.42,0.0016956942787658136
2012-01-05,12415.7,-0.00021905346441641882
2012-01-06,12359.92,-0.004502821261125334
2012-01-09,12392.69,0.002647803132315829
2012-01-10,12462.47,0.005614945414389894
2012-01-11,12449.45,-0.001045282835324457
2012-01-12,12471.02,0.001731107429884915
2012-01-13,12422.06,-0.00393362839243494
2012-01-16,,
2012-01-17,12482.07,
2012-01-18,12578.95,0.007731567398312933
2012-01-19,12623.98,0.0035733978482905826
2012-01-20,12720.48,0.0076151132306936375
2012-01-23,12708.82,-0.0009170524408581571
2012-01-24,12675.75,-0.002605521283884471
2012-01-25,12756.96,0.006386285693494642
2012-01-26,12734.63,-0.0017519507972245663
2012-01-27,12660.46,-0.005841303251534313
2012-01-30,12653.72,-0.0005325078797167038
2012-01-31,12632.91,-0.0016459294653330403
2012-02-01,12716.46,0.006591903668031307
2012-02-02,12705.41,-0.0008693302810467429
2012-02-03,12862.23,0.012267222675223621
2012-02-06,12845.13,-0.0013303585060508993
2012-02-07,12878.2,0.002571208177100104
2012-02-08,12883.95,0.0004463913218035742
2012-02-09,12890.46,0.0005051522140302467
2012-02-10,12801.23,-0.006946242834224847
2012-02-13,12874.04,0.00567162060417381
2012-02-14,12878.28,0.000329290723190212
2012-02-15,12780.95,-0.007586390301261403
2012-02-16,12904.08,0.009587759346747049
2012-02-17,12949.87,0.0035422090534087403
2012-02-20,,
2012-02-21,12965.69,
2012-02-22,12938.67,-0.0020861360635180404
2012-02-23,12984.69,0.003550469410088297
2012-02-24,12982.95,-0.00013401294862269708
2012-02-27,12981.51,-0.00011092085115471662
2012-02-28,13005.12,0.0018170887488153653
2012-02-29,12952.07,-0.004087505146891601
2012-03-01,12980.3,0.002177202558142355
2012-03-02,12977.57,-0.0002103408338260948
2012-03-05,12962.81,-0.0011379942462586001
2012-03-06,12759.15,-0.015835827131768454
2012-03-07,12837.33,0.006108671435503865
2012-03-08,12907.94,0.005485293185529372
2012-03-09,12922.02,0.0010902069840277306
2012-03-12,12959.71,0.00291248124775656
2012-03-13,13177.68,0.01667917517049844
2012-03-14,13194.1,0.0012452706735679442
2012-03-15,13252.76,0.004436072652572065
2012-03-16,13232.62,-0.00152083933716618
2012-03-19,13239.13,0.0004918450900479598
2012-03-20,13170.19,-0.005220896001542741
2012-03-21,13124.62,-0.003466086700930404
2012-03-22,13046.14,-0.005997551102659315
2012-03-23,13080.73,0.002647850294316356
2012-03-26,13241.63,0.012225499844442211
2012-03-27,13197.73,-0.0033208096068335635
2012-03-28,13126.21,-0.005433850402274842
2012-03-29,13145.82,0.0014928426651366067
2012-03-30,13212.04,0.005024697704937964
2012-04-02,13264.49,0.0039620047348396525
2012-04-03,13199.55,-0.004907801707386028
2012-04-04,13074.75,-0.009499848792827947
2012-04-05,13060.14,-0.0011180457634925034
2012-04-06,,
2012-04-09,12929.59,
2012-04-10,12715.93,-0.016662944919957567
2012-04-11,12805.39,0.007010637882821413
2012-04-12,12986.58,0.014050340532183014
2012-04-13,12849.59,-0.010604612355246346
2012-04-16,12921.41,0.0055737213093873805
2012-04-17,13115.54,0.014912161172381033
2012-04-18,13032.75,-0.006332366410848778
2012-04-19,12964.1,-0.005281421370163741
2012-04-20,13029.26,0.005013598587435553
2012-04-23,12927.17,-0.00786629952056117
2012-04-24,13001.56,0.005738052277065364
2012-04-25,13090.72,0.0068342319667511475
2012-04-26,13204.62,0.008663186127749967
2012-04-27,13228.31,0.0017924616259215043
2012-04-30,13213.63,-0.001110357372283488
2012-05-01,13279.32,0.004959065307748034
2012-05-02,13268.57,-0.0008098572494876777
2012-05-03,13206.59,-0.004682133231980856
2012-05-04,13038.27,-0.012827068450951273
2012-05-07,13008.53,-0.0022835828527032476
2012-05-08,12932.09,-0.005893476813547238
2012-05-09,12835.06,-0.007531330289582527
2012-05-10,12855.04,0.001555463312982397
2012-05-11,12820.6,-0.002682700073302513
2012-05-14,12695.35,-0.00981746758341373
2012-05-15,12632.0,-0.005002507732671191
2012-05-16,12598.55,-0.0026515489831258066
2012-05-17,12442.49,-0.012464499916973182
2012-05-18,12369.38,-0.005893164166073106
2012-05-21,12504.48,0.010862916211147322
2012-05-22,12502.81,-0.00013356105379536132
2012-05-23,12496.15,-0.0005328221780072084
2012-05-24,12529.75,0.0026852197274926937
2012-05-25,12454.83,-0.005997317109905254
2012-05-28,,
2012-05-29,12580.69,
2012-05-30,12419.86,-0.012866294434664027
2012-05-31,12393.45,-0.0021286970559550866
2012-06-01,12118.57,-0.02242912036264144
2012-06-04,12101.46,-0.0014128804007498275
2012-06-05,12127.95,0.002186599719475879
2012-06-06,12414.79,0.023375797594693992
2012-06-07,12460.96,0.0037120531454117867
2012-06-08,12554.2,0.007454714005422858
2012-06-11,12411.23,-0.01145356302261824
2012-06-12,12573.8,0.013013576073792166
2012-06-13,12496.38,-0.006176281630850156
2012-06-14,12651.91,0.012369189552181581
2012-06-15,12767.17,0.009068840410531465
2012-06-18,12741.82,-0.001987535245026706
2012-06-19,12837.33,0.007467835629482167
2012-06-20,12824.39,-0.0010085061404119244
2012-06-21,12573.57,-0.019751834747214758
2012-06-22,12640.78,0.005331103849938401
2012-06-25,12502.66,-0.010986674006010944
2012-06-26,12534.67,0.0025569833077696558
2012-06-27,12627.01,0.007339765432663015
2012-06-28,12602.26,-0.001962007457175119
2012-06-29,12880.09,0.02180654527663073
2012-07-02,12871.39,-0.0006756893453125912
2012-07-03,12943.82,0.005611435278463972
2012-07-04,,
2012-07-05,12896.67,
2012-07-06,12772.47,-0.0096770650851834
2012-07-09,12736.29,-0.0028366744805197186
2012-07-10,12653.12,-0.00655157386428229
2012-07-11,12604.53,-0.0038475519252560986
2012-07-12,12573.27,-0.002483141184884019
2012-07-13,12777.09,0.016080591522525722
2012-07-16,12727.21,-0.003911502264038802
2012-07-17,12805.54,0.006135668561899621
2012-07-18,12908.7,0.008023612864990426
2012-07-19,12943.36,0.002681412681777573
2012-07-20,12822.57,-0.009376015915810498
2012-07-23,12721.46,-0.0079165682207325
2012-07-24,12617.32,-0.008219857969498534
2012-07-25,12676.05,0.004643913052884585
2012-07-26,12887.93,0.016576828167989888
2012-07-27,13075.66,0.014461272237626943
2012-07-30,13073.01,-0.00020268717369376077
2012-07-31,13008.68,-0.004932972552900594
2012-08-01,12971.06,-0.0028961049105635794
2012-08-02,12878.88,-0.00713196167779806
2012-08-03,13096.17,0.01673106067396901
2012-08-06,13117.51,0.0016281578713233102
2012-08-07,13168.6,0.00388722898391336
2012-08-08,13175.64,0.0005344621949667783
2012-08-09,13165.19,-0.0007934450469662124
2012-08-10,13207.95,0.0032426959754303653
2012-08-13,13169.43,-0.002920686389824567
2012-08-14,13172.14,0.00020575842742509565
2012-08-15,13164.78,-0.0005589112311987776
2012-08-16,13250.11,0.006460772451994501
2012-08-17,13275.2,0.0018917786433192418
2012-08-20,13271.64,-0.0002682051815838804
2012-08-21,13203.58,-0.0051414228041206655
2012-08-22,13172.76,-0.002336943944948544
2012-08-23,13057.46,-0.008791443047146075
2012-08-24,13157.97,0.007668040729361891
2012-08-27,13124.67,-0.002533993374989052
2012-08-28,13102.99,-0.0016532168663037083
2012-08-29,13107.48,0.0003426111812512289
2012-08-30,13000.71,-0.008179088264618883
2012-08-31,13090.84,0.0069087776311391735
2012-09-03,,
2012-09-04,13035.94,
2012-09-05,13047.48,0.0008848533476779608
2012-09-06,13292.0,0.018567338818792578
2012-09-07,13306.64,0.001100808272783027
2012-09-10,13254.29,-0.003941885151348856
2012-09-11,13323.36,0.005197611940463531
2012-09-12,13333.35,0.00074952989080046
2012-09-13,13539.86,0.015369512251506734
2012-09-14,13593.37,0.0039442461786958205
2012-09-17,13553.1,-0.0029668704283913883
2012-09-18,13564.64,0.0008511034250346938
2012-09-19,13577.96,0.0009814830612597802
2012-09-20,13596.93,0.0013961420326911167
2012-09-21,13579.47,-0.0012849385792303991
2012-09-24,13558.92,-0.0015144600639729333
2012-09-25,13457.55,-0.00750434647623166
2012-09-26,13413.51,-0.0032778788356147004
2012-09-27,13485.97,0.005387477769982496
2012-09-28,13437.13,-0.0036281151557062685
2012-10-01,13515.11,0.005786548174919304
2012-10-02,13482.36,-0.002426154455546836
2012-10-03,13494.61,0.0009081821154843794
2012-10-04,13575.36,0.005966038345459168
2012-10-05,13610.15,0.002559453105117626
2012-10-08,13583.65,-0.00194897428004559
2012-10-09,13473.53,-0.00813984369533216
2012-10-10,13344.97,-0.009587485114135319
2012-10-11,13326.39,-0.001393255012533956
2012-10-12,13328.85,0.00018457909266444972
2012-10-15,13424.23,0.007130424169206506
2012-10-16,13551.78,0.009456620941369565
2012-10-17,13557.0,0.0003851150855567198
2012-10-18,13548.94,-0.0005947036138618245
2012-10-19,13343.51,-0.015278191164719956
2012-10-22,13345.89,0.00017834795883864274
2012-10-23,13102.53,-0.018403130946564872
2012-10-24,13077.34,-0.0019243798975097093
2012-10-25,13103.68,0.002012145354685302
2012-10-26,13107.21,0.00026935369393044084
2012-10-29,,
2012-10-30,,
2012-10-31,13096.46,
2012-11-01,13232.62,0.010343028608996718
2012-11-02,13093.16,-0.010595036848709327
2012-11-05,13112.44,0.001471441484161673
2012-11-06,13245.68,0.010110063609040765
2012-11-07,12932.73,-0.02391015414606379
2012-11-08,12811.32,-0.009432152292051299
2012-11-09,12815.39,0.0003176373427749013
2012-11-12,12815.08,-2.4189958281795043e-05
2012-11-13,12756.18,-0.00460674242606629
2012-11-14,12570.95,-0.014627263538372404
2012-11-15,12542.38,-0.002275286656562514
2012-11-16,12588.31,0.0036552956675635073
2012-11-19,12795.96,0.01636089057805279
2012-11-20,12788.51,-0.0005823845645878123
2012-11-21,12836.89,0.0037759455448540535
2012-11-22,,
2012-11-23,13009.68,
2012-11-26,12967.37,-0.003257493627145891
2012-11-27,12878.13,-0.006905678330262788
2012-11-28,12985.11,0.008272792591634825
2012-11-29,13021.82,0.0028230955657715384
2012-11-30,13025.58,0.00028870444083572977
2012-12-03,12965.6,-0.004615420036717666
2012-12-04,12951.78,-0.0010664659243992958
2012-12-05,13034.49,0.006365690751142239
2012-12-06,13074.04,0.00302966350476197
2012-12-07,13155.13,0.00618321192422755
2012-12-10,13169.88,0.0011206074788621123
2012-12-11,13248.44,0.005947405555398078
2012-12-12,13245.45,-0.00022571241993496471
2012-12-13,13170.72,-0.005657913267102188
2012-12-14,13135.01,-0.0027149995028104
2012-12-17,13235.39,0.007613118104488947
2012-12-18,13350.96,0.008693989806802804
2012-12-19,13251.97,-0.007442071747359336
2012-12-20,13311.72,0.0044986295779452234
2012-12-21,13190.84,-0.009122200892798915
2012-12-24,13139.08,-0.003931653926413148
2012-12-25,,
2012-12-26,13114.59,
2012-12-27,13096.31,-0.0013948397776317734
2012-12-28,12938.11,-0.012153291466175276
2012-12-31,13104.14,0.012750991141800228
2013-01-01,,
2013-01-02,13412.55,
2013-01-03,13391.36,-0.0015811129357192755
2013-01-04,13435.21,0.003269149880383182
2013-01-07,13384.29,-0.0037972416476659276
2013-01-08,13328.85,-0.004150772211543696
2013-01-09,13390.51,0.00461538820209384
2013-01-10,13471.22,0.006009310858377859
2013-01-11,13488.43,0.0012767229795436208
2013-01-14,13507.32,0.0013994797761185396
2013-01-15,13534.89,0.0020390352380399435
2013-01-16,13511.23,-0.0017496044560552093
2013-01-17,13596.02,0.0062559113544384815
2013-01-18,13649.7,0.003940440513794385
2013-01-21,,
2013-01-22,13712.21,
2013-01-23,13779.33,0.004882966422675494
2013-01-24,13825.33,0.0033327737112713862
2013-01-25,13895.98,0.005097172750065937
2013-01-28,13881.93,-0.0010115952710734177
2013-01-29,13954.42,0.005208309556858026
2013-01-30,13910.42,-0.0031581043759771887
2013-01-31,13860.58,-0.003589359656437807
2013-02-01,14009.79,0.010707531015173188
2013-02-04,13880.08,-0.009301652192403864
2013-02-05,13979.3,0.00712294527047419
2013-02-06,13986.52,0.0005163446064102573
2013-02-07,13944.05,-0.00304111464474488
2013-02-08,13992.97,0.0035021666592207623
2013-02-11,13971.24,-0.0015541296803114335
2013-02-12,14018.7,0.0033912216663569694
2013-02-13,13982.91,-0.002556282977257851
2013-02-14,13973.39,-0.0006810629709921301
2013-02-15,13981.76,0.0005988163361738685
2013-02-18,,
2013-02-19,14035.67,
2013-02-20,13927.54,-0.0077337715482883596
2013-02-21,13880.62,-0.003374552255563046
2013-02-22,14000.57,0.008604420403225177
2013-02-25,13784.17,-0.015577210782719675
2013-02-26,13900.13,0.008377360321448535
2013-02-27,14075.37,0.012528268813568388
2013-02-28,14054.49,-0.0014845437435351272
2013-03-01,14089.66,0.002499277349441442
2013-03-04,14127.82,0.002704708093217434
2013-03-05,14253.77,0.00887553000438146
2013-03-06,14296.24,0.002975132500942834
2013-03-07,14329.49,0.002323085905823419
2013-03-08,14397.07,0.004705062121715287
2013-03-11,14447.29,0.003482140060958372
2013-03-12,14450.06,0.00019171308154497524
2013-03-13,14455.28,0.00036117894179632515
2013-03-14,14539.14,0.005784577435164806
2013-03-15,14514.11,-0.0017230434593429322
2013-03-18,14452.06,-0.004284314765289565
2013-03-19,14455.82,0.0002601366839218855
2013-03-20,14511.73,0.003860186272321542
2013-03-21,14421.49,-0.006237832678642974
2013-03-22,14512.03,0.006258505396445457
2013-03-25,14447.75,-0.0044392675334083975
2013-03-26,14559.65,0.007715310926151631
2013-03-27,14526.16,-0.002302842162555052
2013-03-28,14578.54,0.0035994225367215194
2013-03-29,,
2013-04-01,14572.85,
2013-04-02,14662.01,0.006099586345385433
2013-04-03,14550.35,-0.00764474652535263
2013-04-04,14606.11,0.0038248860101379734
2013-04-05,14565.25,-0.0028013796217596365
2013-04-08,14613.48,0.0033058357182547127
2013-04-09,14673.46,0.004096029415110891
2013-04-10,14802.24,0.008738100836213292
2013-04-11,14865.14,0.00424035383294985
2013-04-12,14865.06,-5.381733052089999e-06
2013-04-15,14599.2,-0.01804676007638939
2013-04-16,14756.78,0.010735905498547638
2013-04-17,14618.59,-0.009408631748785368
2013-04-18,14537.14,-0.0055872524466309414
2013-04-19,14547.51,0.00071309095618588
2013-04-22,14567.17,0.0013505216604254855
2013-04-23,14719.46,0.010400061233006852
2013-04-24,14676.3,-0.002936480023903343
2013-04-25,14700.8,0.0016679662512739668
2013-04-26,14712.55,0.0007989569787199002
2013-04-29,14818.75,0.007192399780270975
2013-04-30,14839.8,0.0014194897278905216
2013-05-01,14700.95,-0.00940064301259902
2013-05-02,14831.58,0.00884657372358788
2013-05-03,14973.96,0.009554001237551901
2013-05-06,14968.89,-0.0003386451221878417
2013-05-07,15056.2,0.005815819109674436
2013-05-08,15105.12,0.0032438927008566765
2013-05-09,15082.62,-0.0014906716545475263
2013-05-10,15118.49,0.002375410497599262
2013-05-13,15091.68,-0.0017748994486428415
2013-05-14,15215.25,0.008154615776648555
2013-05-15,15275.69,0.003964461519457174
2013-05-16,15233.22,-0.0027841065074394322
2013-05-17,15354.4,0.007923508530103263
2013-05-20,15335.28,-0.0012460216251053424
2013-05-21,15387.58,0.003404634237812232
2013-05-22,15307.17,-0.005239344444419203
2013-05-23,15294.5,-0.0008280594310026146
2013-05-24,15303.1,0.0005621356071365824
2013-05-27,,
2013-05-28,15409.39,
2013-05-29,15302.8,-0.006941245672575036
2013-05-30,15324.53,0.0014189943195290766
2013-05-31,15115.57,-0.013729474106600748
2013-06-03,15254.03,0.009118392033759193
2013-06-04,15177.54,-0.005027026938241974
2013-06-05,14960.59,-0.014397293227803587
2013-06-06,15040.62,0.005335130804960286
2013-06-07,15248.12,0.013701675689166137
2013-06-10,15238.59,-0.0006251904722027746
2013-06-11,15122.02,-0.007679066581667726
2013-06-12,14995.23,-0.00841980918209373
2013-06-13,15176.08,0.011988353570615118
2013-06-14,15070.18,-0.007002547272913162
2013-06-17,15179.85,0.007250933668546011
2013-06-18,15318.23,0.009074731893955246
2013-06-19,15112.19,-0.013541919479685305
2013-06-20,14758.32,-0.023694711354009357
2013-06-21,14799.4,0.002779647851740563
2013-06-24,14659.56,-0.009493957042215229
2013-06-25,14760.31,0.0068491392962766184
2013-06-26,14910.14,0.01009969674212563
2013-06-27,15024.49,0.007640018013633565
2013-06-28,14909.6,-0.007676235633240935
2013-07-01,14974.96,0.004374172095097606
2013-07-02,14932.41,-0.002845454395304259
2013-07-03,14988.55,0.0037525577975330293
2013-07-04,,
2013-07-05,15135.84,
2013-07-08,15224.69,0.0058530107115952745
2013-07-09,15300.34,0.004956598232981335
2013-07-10,15291.66,-0.0005674686344754321
2013-07-11,15460.92,0.01100796805829063
2013-07-12,15464.3,0.00021859181687133855
2013-07-15,15484.26,0.0012898824867733083
2013-07-16,15451.85,-0.0020952868254777712
2013-07-17,15470.52,0.0012075401897497784
2013-07-18,15548.54,0.005030466076561879
2013-07-19,15543.74,-0.0003087583180221287
2013-07-22,15545.55,0.00011643881234135733
2013-07-23,15567.74,0.001426400342896983
2013-07-24,15542.24,-0.001639345683335236
2013-07-25,15555.61,0.0008598665710835007
2013-07-26,15558.83,0.000206977854107393
2013-07-29,15521.97,-0.002371883431614208
2013-07-30,15520.59,-8.891019303369774e-05
2013-07-31,15499.54,-0.001357183430958031
2013-08-01,15628.02,0.008255110880829974
2013-08-02,15658.36,0.0019395027172048884
2013-08-05,15612.13,-0.002956783451793399
2013-08-06,15518.74,-0.005999850319367894
2013-08-07,15470.67,-0.0031023526136504387
2013-08-08,15498.32,0.0017856576754358144
2013-08-09,15425.51,-0.004708998500168704
2013-08-12,15419.68,-0.00037801680388049874
2013-08-13,15451.01,0.0020297577252996746
2013-08-14,15337.66,-0.007363131444913407
2013-08-15,15112.19,-0.014809539020451012
2013-08-16,15081.47,-0.002034864974973516
2013-08-19,15010.74,-0.00470089303853527
2013-08-20,15002.99,-0.000516430325204098
2013-08-21,14897.55,-0.007052744670099642
2013-08-22,14963.74,0.004433171400343383
2013-08-23,15010.51,0.003120681115049706
2013-08-26,14946.46,-0.004276139916562727
2013-08-27,14776.13,-0.011461441590896015
2013-08-28,14824.51,0.003268851151862151
2013-08-29,14840.95,0.001108359801802905
2013-08-30,14810.31,-0.002066691999317527
2013-09-02,,
2013-09-03,14833.96,
2013-09-04,14930.87,0.006511734986347051
2013-09-05,14937.48,0.0004426089896440999
2013-09-06,14922.5,-0.0010033497180312878
2013-09-09,15063.12,0.009379231168807678
2013-09-10,15191.06,0.008457724695313473
2013-09-11,15326.6,0.008882784015408873
2013-09-12,15300.64,-0.001695223351301678
2013-09-13,15376.06,0.004917096816651423
2013-09-16,15494.78,0.007691438604942036
2013-09-17,15529.73,0.0022530582938866672
2013-09-18,15676.94,0.009434591511825019
2013-09-19,15636.55,-0.002579720267494423
2013-09-20,15451.09,-0.011931571531684781
2013-09-23,15401.38,-0.003222435222598463
2013-09-24,15334.59,-0.0043460548099520935
2013-09-25,15273.26,-0.004007474035528702
2013-09-26,15328.3,0.0035972061130848942
2013-09-27,15258.24,-0.004581108064295236
2013-09-30,15129.67,-0.008461968406910714
2013-10-01,15191.7,0.004091509488796774
2013-10-02,15133.14,-0.003862185112428307
2013-10-03,14996.48,-0.009071534070177023
2013-10-04,15072.58,0.005061692149872954
2013-10-07,14936.24,-0.009086724377375788
2013-10-08,14776.53,-0.010750363439129274
2013-10-09,14802.98,0.0017884006225763471
2013-10-10,15126.07,0.02159123336337565
2013-10-11,15237.11,0.007314154513711202
2013-10-14,15301.26,0.0042012782187050846
2013-10-15,15168.01,-0.008746573153599613
2013-10-16,15373.83,0.013478108440889258
2013-10-17,15371.65,-0.00014180946296171726
2013-10-18,15399.65,0.0018198781155103205
2013-10-21,15392.2,-0.0004838942866616236
2013-10-22,15467.66,0.004890505037822734
2013-10-23,15413.33,-0.003518673206736267
2013-10-24,15509.21,0.006201321577487207
2013-10-25,15570.28,0.003929927974930081
2013-10-28,15568.93,-8.67074020725056e-05
2013-10-29,15680.35,0.007131074518357039
2013-10-30,15618.76,-0.00393558024469165
2013-10-31,15545.75,-0.004685466485389256
2013-11-01,15615.55,0.004479923285536813
2013-11-04,15639.12,0.0015082548923501804
2013-11-05,15618.22,-0.0013372860975806589
2013-11-06,15746.88,0.008204068958153954
2013-11-07,15593.98,-0.009757308068076398
2013-11-08,15761.78,0.010703079872440568
2013-11-11,15783.1,0.0013517251133148278
2013-11-12,15750.67,-0.0020568432783782953
2013-11-13,15821.63,0.004495087116469065
2013-11-14,15876.22,0.0034444010537519887
2013-11-15,15961.7,0.005369710420316309
2013-11-18,15976.02,0.0008967453506159018
2013-11-19,15967.03,-0.0005628767595684536
2013-11-20,15900.82,-0.004155291007556627
2013-11-21,16009.99,0.0068422221753863255
2013-11-22,16064.77,0.003415773228679697
2013-11-25,16072.54,0.0004835501260931352
2013-11-26,16072.8,1.6176528230715803e-05
2013-11-27,16097.33,0.0015250174465624156
2013-11-28,,
2013-11-29,16086.41,
2013-12-02,16008.77,-0.004838119084910275
2013-12-03,15914.62,-0.005898513470885547
2013-12-04,15889.77,-0.0015626776716608504
2013-12-05,15821.51,-0.0043050993480466815
2013-12-06,16020.2,0.012480019373240836
2013-12-09,16025.53,0.00033264962596568637
2013-12-10,15973.13,-0.00327514007394214
2013-12-11,15843.53,-0.00814672041534159
2013-12-12,15739.43,-0.006592186228807861
2013-12-13,15755.36,0.0010115959724430468
2013-12-16,15884.57,0.008167572955503744
2013-12-17,15875.26,-0.0005862751952179224
2013-12-18,16167.97,0.01827020198513374
2013-12-19,16179.08,0.0006869251098251539
2013-12-20,16221.14,0.0025962801256316226
2013-12-23,16294.61,0.004519048463123454
2013-12-24,16357.55,0.0038551861777964547
2013-12-25,,
2013-12-26,16479.88,
2013-12-27,16478.41,-8.92036571666921e-05
2013-12-30,16504.29,0.0015693078681415784
2013-12-31,16576.66,0.0043753347743376025
2014-01-01,,
2014-01-02,16441.35,
2014-01-03,16469.99,0.0017404339798670065
2014-01-06,16425.1,-0.002729284392621878
2014-01-07,16530.94,0.006423123887593363
2014-01-08,16462.74,-0.004134130968962424
2014-01-09,16444.76,-0.0010927601178583046
2014-01-10,16437.05,-0.00046895229558785445
2014-01-13,16257.94,-0.010956528310650526
2014-01-14,16373.86,0.007104755950500419
2014-01-15,16481.94,0.006579075222418851
2014-01-16,16417.01,-0.003947243562771874
2014-01-17,16458.56,0.002527714173355733
2014-01-20,,
2014-01-21,16414.44,
2014-01-22,16373.34,-0.002507032896209793
2014-01-23,16197.35,-0.010806753726100737
2014-01-24,15879.11,-0.01984323970237689
2014-01-27,15837.88,-0.0025998698630544936
2014-01-28,15928.56,0.005709185310527332
2014-01-29,15738.79,-0.011985358527374146
2014-01-30,15848.61,0.006953433488344984
2014-01-31,15698.85,-0.009494338052961737
2014-02-03,15372.8,-0.02098774724040453
2014-02-04,15445.24,0.004701151235785517
2014-02-05,15440.23,-0.0003244244004658725
2014-02-06,15628.53,0.01212164924764636
2014-02-07,15794.08,0.010537096170814664
2014-02-10,15801.79,0.0004880384780054925
2014-02-11,15994.77,0.012138569049298553
2014-02-12,15963.94,-0.001929365081606349
2014-02-13,16027.59,0.0039791834892319855
2014-02-14,16154.39,0.00788022714375991
2014-02-17,,
2014-02-18,16130.4,
2014-02-19,16040.56,-0.0055851757945912794
2014-02-20,16133.23,0.005760605528148943
2014-02-21,16103.3,-0.0018569001440340571
2014-02-24,16207.14,0.006427665950154093
2014-02-25,16179.66,-0.0016969880688844086
2014-02-26,16198.41,0.0011581914608225219
2014-02-27,16272.65,0.004572695154411832
2014-02-28,16321.71,0.003010339030989684
2014-03-03,16168.03,-0.009460287842077975
2014-03-04,16395.88,0.013994248140381416
2014-03-05,16360.18,-0.002179750197987218
2014-03-06,16421.89,0.0037648673735937166
2014-03-07,16452.72,0.0018756121540679516
2014-03-10,16418.68,-0.0020711020624482046
2014-03-11,16351.25,-0.004115364003975941
2014-03-12,16340.08,-0.0006833616395969244
2014-03-13,16108.89,-0.014249691869162362
2014-03-14,16065.67,-0.0026865962422562006
2014-03-17,16247.22,0.011237119948058094
2014-03-18,16336.19,0.005461074891492501
2014-03-19,16222.17,-0.007004066919982677
2014-03-20,16331.05,0.006689378562937165
2014-03-21,16302.77,-0.0017331717267037305
2014-03-24,16276.69,-0.0016010090757028195
2014-03-25,16367.88,0.005586854854712442
2014-03-26,16268.99,-0.006060035943180608
2014-03-27,16264.23,-0.000292623972294237
2014-03-28,16323.06,0.003610614071412499
2014-03-31,16457.66,0.00821219036384413
2014-04-01,16532.61,0.004543771781834849
2014-04-02,16573.0,0.0024400710356946576
2014-04-03,16572.55,-2.7152966238119802e-05
2014-04-04,16412.71,-0.009691677502445373
2014-04-07,16245.87,-0.010217312045693205
2014-04-08,16256.14,0.0006319609366798318
2014-04-09,16437.18,0.011075158504166183
2014-04-10,16170.22,-0.01637456312923824
2014-04-11,16026.75,-0.008912077726092704
2014-04-14,16173.24,0.009098823362384323
2014-04-15,16262.56,0.005507508726525501
2014-04-16,16424.85,0.009929898607426324
2014-04-17,16408.54,-0.000993500905117628
2014-04-18,,
2014-04-21,16449.25,
2014-04-22,16514.37,0.003951027509332405
2014-04-23,16501.65,-0.0007705350693001378
2014-04-24,16501.65,0.0
2014-04-25,16361.46,-0.008531806660311503
2014-04-28,16448.74,0.005320309286540592
2014-04-29,16535.37,0.005252844426838266
2014-04-30,16580.84,0.0027460889138044564
2014-05-01,16558.87,-0.0013259019598326205
2014-05-02,16512.89,-0.002780621873519351
2014-05-05,16530.55,0.001068896076281689
2014-05-06,16401.02,-0.007866656098601155
2014-05-07,16518.54,0.007139858445251335
2014-05-08,16550.97,0.0019613239141413885
2014-05-09,16583.34,0.001953866569001761
2014-05-12,16695.47,0.00673884819425119
2014-05-13,16715.44,0.0011954180462687702
2014-05-14,16613.97,-0.006088935477762902
2014-05-15,16446.81,-0.010112370275585647
2014-05-16,16491.31,0.0027020380686320067
2014-05-19,16511.86,0.0012453350787708928
2014-05-20,16374.31,-0.008365267352106187
2014-05-21,16533.06,0.009648369439117843
2014-05-22,16543.08,0.0006058748273840564
2014-05-23,16606.27,0.0038124473956546723
2014-05-26,,
2014-05-27,16675.5,
2014-05-28,16633.18,-0.002541080749644209
2014-05-29,16698.74,0.003933771864486957
2014-05-30,16717.17,0.0011030674830490028
2014-06-02,16743.63,0.001581552474261727
2014-06-03,16722.34,-0.0012723374145195976
2014-06-04,16737.53,0.0009079533807820894
2014-06-05,16836.11,0.005872481107358496
2014-06-06,16924.28,0.005223292767659871
2014-06-09,16943.1,0.0011113940279514622
2014-06-10,16945.92,0.00016642558601631663
2014-06-11,16843.88,-0.006039710811268861
2014-06-12,16734.19,-0.006533454137509054
2014-06-13,16775.74,0.0024798632103024687
2014-06-16,16781.01,0.0003140947823201401
2014-06-17,16808.49,0.0016362259712643379
2014-06-18,16906.62,0.0058211453025318605
2014-06-19,16921.46,0.0008773776668355993
2014-06-20,16947.08,0.001512908728086515
2014-06-23,16937.26,-0.0005796188017779258
2014-06-24,16818.13,-0.007058457603703161
2014-06-25,16867.51,0.0029318151812240956
2014-06-26,16846.13,-0.001268329546503466
2014-06-27,16851.84,0.00033889282082277816
2014-06-30,16826.6,-0.001498882057806128
2014-07-01,16956.07,0.007664914222159425
2014-07-02,16976.24,0.0011888375637010284
2014-07-03,17068.26,0.005405879016912252
2014-07-04,,
2014-07-07,17024.21,
2014-07-08,16906.62,-0.006931187404781269
2014-07-09,16985.61,0.004661253804769672
2014-07-10,16915.07,-0.00416157444659504
2014-07-11,16943.81,0.001697634824443739
2014-07-14,17055.42,0.0065654663894072485
2014-07-15,17060.68,0.00030835881250723673
2014-07-16,17138.2,0.0045334895627728855
2014-07-17,16976.81,-0.009461594998303013
2014-07-18,17100.18,0.0072406946153140694
2014-07-21,17051.73,-0.0028373249111712795
2014-07-22,17113.54,0.0036182981978551965
2014-07-23,17086.63,-0.0015736767129208573
2014-07-24,17083.8,-0.00016564029229115818
2014-07-25,16960.57,-0.0072394077609043705
2014-07-28,16982.59,0.0012974633527971235
2014-07-29,16912.11,-0.004158768278305303
2014-07-30,16880.36,-0.0018791174094499041
2014-07-31,16563.3,-0.018961411487877555
2014-08-01,16493.37,-0.004230922492576283
2014-08-04,16569.28,0.0045918964985212085
2014-08-05,16429.47,-0.00847370500832234
2014-08-06,16443.34,0.0008438585458971914
2014-08-07,16368.27,-0.004575827335861149
2014-08-08,16553.93,0.01127883119463391
2014-08-11,16569.98,0.0009690885681123973
2014-08-12,16560.54,-0.0005698673160257073
2014-08-13,16651.8,0.005495561570185714
2014-08-14,16713.58,0.003703243937538403
2014-08-15,16662.91,-0.0030362712751994536
2014-08-18,16838.74,0.010496892808516733
2014-08-19,16919.59,0.004789938043842312
2014-08-20,16979.13,0.003512820615439338
2014-08-21,17039.49,0.003548648554369649
2014-08-22,17001.22,-0.0022484851886712676
2014-08-25,17076.87,0.00443981011066974
2014-08-26,17106.7,0.0017452833376889743
2014-08-27,17122.01,0.0008945707285494819
2014-08-28,17079.57,-0.0024817579645599608
2014-08-29,17098.45,0.0011048037259264731
2014-09-01,,
2014-09-02,17067.56,
2014-09-03,17078.28,0.0006278949560005742
2014-09-04,17069.58,-0.0005095487792345921
2014-09-05,17137.36,0.003962943701283805
2014-09-08,17111.42,-0.001514798772989323
2014-09-09,17013.87,-0.005717183104453127
2014-09-10,17068.71,0.0032180690151264457
2014-09-11,17049.0,-0.0011554117901066974
2014-09-12,16987.51,-0.0036131828378653807
2014-09-15,17031.14,0.0025650649818356186
2014-09-16,17131.97,0.0059028755154919565
2014-09-17,17156.85,0.0014512021333139558
2014-09-18,17265.99,0.006341159864353685
2014-09-19,17279.74,0.0007960463261937889
2014-09-22,17172.68,-0.006214968040360702
2014-09-23,17055.87,-0.006825322922889399
2014-09-24,17210.06,0.008999670559351358
2014-09-25,16945.8,-0.015474081051101152
2014-09-26,17113.15,0.009827158311654927
2014-09-29,17071.22,-0.0024531691546769707
2014-09-30,17042.9,-0.0016603099540972721
2014-10-01,16804.71,-0.014074490454946798
2014-10-02,16801.05,-0.00021781980318102967
2014-10-03,17009.69,0.012341797211750105
2014-10-06,16991.91,-0.0010458332325882225
2014-10-07,16719.39,-0.016168224697894473
2014-10-08,16994.22,0.01630416250567457
2014-10-09,16659.25,-0.019907668524959732
2014-10-10,16544.1,-0.0069360749229741
2014-10-13,16321.07,-0.013572631682933434
2014-10-14,16315.19,-0.00036033540997770785
2014-10-15,16141.74,-0.010688111979737513
2014-10-16,16117.24,-0.0015189571840519278
2014-10-17,16380.41,0.016196602098217383
2014-10-20,16399.67,0.0011751040397882662
2014-10-21,16614.81,0.013033253614795015
2014-10-22,16461.32,-0.009281079847061946
2014-10-23,16677.9,0.013071103279829188
2014-10-24,16805.41,0.007616368656153227
2014-10-27,16817.94,0.000745315418006598
2014-10-28,17005.75,0.01110534836346666
2014-10-29,16974.31,-0.001850497554846342
2014-10-30,17195.42,0.012942044684248089
2014-10-31,17390.52,0.011282160870722535
2014-11-03,17366.24,-0.0013971385105815415
2014-11-04,17383.84,0.001012947394935182
2014-11-05,17484.53,0.005775450924897285
2014-11-06,17554.47,0.003992128364773251
2014-11-07,17573.93,0.001107935572962404
2014-11-10,17613.74,0.0022627253799605285
2014-11-11,17614.9,6.585550849713684e-05
2014-11-12,17612.2,-0.00015329107450234858
2014-11-13,17652.79,0.0023020008186342977
2014-11-14,17634.74,-0.0010230243700366515
2014-11-17,17647.75,0.0007374763283216623
2014-11-18,17687.82,0.002267970612933823
2014-11-19,17685.73,-0.00011816738791736725
2014-11-20,17719.0,0.001879410451259389
2014-11-21,17810.06,0.005125956013841915
2014-11-24,17817.9,0.0004401037907619809
2014-11-25,17814.94,-0.0001661388767679739
2014-11-26,17827.75,0.0007188009968697173
2014-11-27,,
2014-11-28,17828.24,
2014-12-01,17776.8,-0.0028894805785810718
2014-12-02,17879.55,0.005763365258367514
2014-12-03,17912.62,0.0018478907208105966
2014-12-04,17900.1,-0.0006991929409458919
2014-12-05,17958.79,0.003273389243540592
2014-12-08,17852.48,-0.0059372545175993
2014-12-09,17801.2,-0.0028765633931868706
2014-12-10,17533.15,-0.01517249600891546
2014-12-11,17596.34,0.0035975511259849213
2014-12-12,17280.83,-0.018093131243309912
2014-12-15,17180.84,-0.005802985206100786
2014-12-16,17068.87,-0.006538472816734142
2014-12-17,17356.87,0.016732056830155884
2014-12-18,17778.15,0.02398178174130372
2014-12-19,17804.8,0.0014979086884547854
2014-12-22,17959.44,0.008647798120167138
2014-12-23,18024.17,0.003597752967039014
2014-12-24,18030.21,0.00033504944788909086
2014-12-25,,
2014-12-26,18053.71,
2014-12-29,18038.23,-0.000857809303086654
2014-12-30,17983.07,-0.003062634780839346
2014-12-31,17823.07,-0.00893707419728429
2015-01-01,,
2015-01-02,17832.99,
2015-01-05,17501.65,-0.01875495051293896
2015-01-06,17371.64,-0.00745617074381677
2015-01-07,17584.52,0.012179978107184297
2015-01-08,17907.87,0.018221311464426293
2015-01-09,17737.37,-0.0095665676726302
2015-01-12,17640.84,-0.005457044861785221
2015-01-13,17613.68,-0.0015407956411426227
2015-01-14,17427.09,-0.010649980786132218
2015-01-15,17320.71,-0.006122996699549077
2015-01-16,17511.57,0.010958909962266006
2015-01-19,,
2015-01-20,17515.23,
2015-01-21,17554.28,0.0022270066584457737
2015-01-22,17813.98,0.014685747473413002
2015-01-23,17672.6,-0.007968124740628468
2015-01-26,17678.7,0.00034510753836691777
2015-01-27,17387.21,-0.0166256466322956
2015-01-28,17191.37,-0.011327364744390778
2015-01-29,17416.85,0.013030614719571787
2015-01-30,17164.95,-0.014568614435951588
2015-02-02,17361.04,0.011359101270656424
2015-02-03,17666.4,0.017435915158564796
2015-02-04,17673.02,0.00037465244633061445
2015-02-05,17884.88,0.011916480278545194
2015-02-06,17824.29,-0.0033935293453417614
2015-02-09,17729.21,-0.005348571964193027
2015-02-10,17868.76,0.00784037487875544
2015-02-11,17862.14,-0.0003705476254864948
2015-02-12,17972.38,0.006152745887085587
2015-02-13,18019.35,0.0026100455112665344
2015-02-16,,
2015-02-17,18047.58,
2015-02-18,18029.85,-0.0009828860552065777
2015-02-19,17985.77,-0.0024478280262911767
2015-02-20,18140.44,0.008562810494362694
2015-02-23,18116.84,-0.0013018077105027004
2015-02-24,18209.19,0.005084519225205142
2015-02-25,18224.57,0.0008442719562058443
2015-02-26,18214.42,-0.0005570955870357608
2015-02-27,18132.7,-0.00449664995175425
2015-03-02,18288.63,0.008562617164750819
2015-03-03,18203.37,-0.004672813500983253
2015-03-04,18096.9,-0.00586608889197926
2015-03-05,18135.72,0.002142821294960129
2015-03-06,17856.78,-0.015500206139469341
2015-03-09,17995.72,0.007750683804234271
2015-03-10,17662.94,-0.018665292608670114
2015-03-11,17635.39,-0.0015609806806260451
2015-03-12,17895.22,0.014625959523801413
2015-03-13,17749.31,-0.008186996152868886
2015-03-16,17977.42,0.012769884051252234
2015-03-17,17849.08,-0.007164559696517969
2015-03-18,18076.19,0.012643636387689838
2015-03-19,17959.03,-0.006502550161995302
2015-03-20,18127.65,0.009345344443270065
2015-03-23,18116.04,-0.0006406632656403843
2015-03-24,18011.14,-0.005807278332158106
2015-03-25,17718.54,-0.01637890634636463
2015-03-26,17678.23,-0.0022776099302692643
2015-03-27,17712.66,0.0019456990689938891
2015-03-30,17976.31,0.014775141805509762
2015-03-31,17776.12,-0.011198796400618605
2015-04-01,17698.18,-0.0043941741153687985
2015-04-02,17763.24,0.003669343923496271
2015-04-03,,
2015-04-06,17880.85,
2015-04-07,17875.42,-0.0003037229577778078
2015-04-08,17902.51,0.0015143416724772152
2015-04-09,17958.73,0.0031354211989107483
2015-04-10,18057.65,0.005493070027176472
2015-04-13,17977.04,-0.004474029578927841
2015-04-14,18036.7,0.0033131829448915795
2015-04-15,18112.61,0.004199809710202729
2015-04-16,18105.77,-0.00037770878108567274
2015-04-17,17826.3,-0.015555777083873679
2015-04-20,18034.93,0.011635538088833997
2015-04-21,17949.59,-0.004743159558337595
2015-04-22,18038.27,0.004928338583738423
2015-04-23,18058.69,0.0011313973353015427
2015-04-24,18080.14,0.0011870889300453769
2015-04-27,18037.97,-0.0023351177103094756
2015-04-28,18110.14,0.003993021814485687
2015-04-29,18035.53,-0.004128301174887383
2015-04-30,17840.52,-0.01087142651703843
2015-05-01,18024.06,0.010235257310077017
2015-05-04,18070.4,0.002567708477171138
2015-05-05,17928.2,-0.007900348325931006
2015-05-06,17841.98,-0.0048207846300520885
2015-05-07,17924.06,0.004589836844980155
2015-05-08,18191.11,0.01478906882271147
2015-05-11,18105.17,-0.004735480363205369
2015-05-12,18068.23,-0.0020423854457014556
2015-05-13,18060.49,-0.00042846799545692704
2015-05-14,18252.24,0.010561132818899921
2015-05-15,18272.56,0.0011126687673250757
2015-05-18,18298.88,0.0014393747987035965
2015-05-19,18312.39,0.000738024144652627
2015-05-20,18285.4,-0.0014749527167090548
2015-05-21,18285.74,1.8593896717433722e-05
2015-05-22,18232.02,-0.00294213219817685
2015-05-25,,
2015-05-26,18041.54,
2015-05-27,18162.99,0.006709130352636095
2015-05-28,18126.12,-0.0020320152622428367
2015-05-29,18010.68,-0.00638907665820021
2015-06-01,18040.37,0.0016471091251073489
2015-06-02,18011.94,-0.0015771530807935363
2015-06-03,18076.27,0.003565157049242984
2015-06-04,17905.58,-0.009487632258419865
2015-06-05,17849.46,-0.003139140444805122
2015-06-08,17766.55,-0.0046557797892017305
2015-06-09,17764.04,-0.0001412867055776701
2015-06-10,18000.4,0.013217790699053822
2015-06-11,18039.37,0.0021626117585213933
2015-06-12,17898.84,-0.007820685352463386
2015-06-15,17791.17,-0.0060336394773727875
2015-06-16,17904.48,0.006348694061509619
2015-06-17,17935.74,0.0017444093773377745
2015-06-18,18115.84,0.00999132344421838
2015-06-19,18015.95,-0.005529217040635359
2015-06-22,18119.78,0.005746682618180898
2015-06-23,18144.07,0.001339626301817276
2015-06-24,17966.07,-0.00985880651469806
2015-06-25,17890.36,-0.004222958756001205
2015-06-26,17946.68,0.003143119318245624
2015-06-29,17596.35,-0.019713645437192895
2015-06-30,17619.51,0.0013153166407970929
2015-07-01,17757.91,0.007824239645247033
2015-07-02,17730.11,-0.0015667262184013708
2015-07-03,,
2015-07-06,17683.58,
2015-07-07,17776.91,0.005263898807024603
2015-07-08,17515.42,-0.014818788398102356
2015-07-09,17548.62,0.0018936785334116024
2015-07-10,17760.41,0.011996508541594508
2015-07-13,17977.68,0.012159165576889563
2015-07-14,18053.58,0.004213014602626686
2015-07-15,18050.17,-0.00018890004557192697
2015-07-16,18120.25,0.003874994412063515
2015-07-17,18086.45,-0.0018670582968702831
2015-07-20,18100.41,0.0007715508166512564
2015-07-21,17919.29,-0.010056803722774177
2015-07-22,17851.04,-0.003816016392427457
2015-07-23,17731.92,-0.006695364578513718
2015-07-24,17568.53,-0.009257171894994087
2015-07-27,17440.59,-0.0073089851763885605
2015-07-28,17630.27,0.01081706291298623
2015-07-29,17751.39,0.00684651161770411
2015-07-30,17745.98,-0.00030481131655157867
2015-07-31,17689.86,-0.0031674173333424704
2015-08-03,17598.2,-0.005194969978008501
2015-08-04,17550.69,-0.0027033587082918586
2015-08-05,17540.47,-0.0005824828981975116
2015-08-06,17419.75,-0.006906162479076272
2015-08-07,17373.38,-0.0026654703071482544
2015-08-10,17615.17,0.013821312918464557
2015-08-11,17402.84,-0.012127051319755111
2015-08-12,17402.51,-1.8962602014838126e-05
2015-08-13,17408.25,0.0003297830930453216
2015-08-14,17477.4,0.003964385961877426
2015-08-17,17545.18,0.003870650570171108
2015-08-18,17511.34,-0.0019305972475720523
2015-08-19,17348.73,-0.009329366201683342
2015-08-20,16990.69,-0.020853757882470347
2015-08-21,16459.75,-0.03174754018574788
2015-08-24,15871.35,-0.036402409715254436
2015-08-25,15666.44,-0.01299475223078872
2015-08-26,16285.51,0.03875491054867908
2015-08-27,16654.77,0.02242090648266526
2015-08-28,16643.01,-0.0007063534259028614
2015-08-31,16528.03,-0.006932580980338443
2015-09-01,16058.35,-0.028828763962780002
2015-09-02,16351.38,0.018083333936695922
2015-09-03,16374.76,0.0014288274741609541
2015-09-04,16102.38,-0.016774037773183537
2015-09-07,,
2015-09-08,16492.68,
2015-09-09,16253.57,-0.014604069152554189
2015-09-10,16330.4,0.004715824522618206
2015-09-11,16433.09,0.006268583491436885
2015-09-14,16370.96,-0.00378795144439259
2015-09-15,16599.85,0.013884625652812232
2015-09-16,16739.95,0.008404419021950105
2015-09-17,16674.74,-0.003903078722814257
2015-09-18,16384.58,-0.017554350855085943
2015-09-21,16510.19,0.007637117421538164
2015-09-22,16330.47,-0.01094507809052736
2015-09-23,16279.89,-0.0031020841573425884
2015-09-24,16201.32,-0.004837883394426257
2015-09-25,16314.67,0.006971982655167963
2015-09-28,16001.89,-0.019357862791979485
2015-09-29,16049.13,0.002947802235798491
2015-09-30,16284.7,0.014571374198531828
2015-10-01,16272.01,-0.0007795628392823772
2015-10-02,16472.37,0.012237977974960401
2015-10-05,16776.43,0.018290493292576926
2015-10-06,16790.19,0.0008198621589414756
2015-10-07,16912.29,0.007245789283274462
2015-10-08,17050.75,0.008153614463489944
2015-10-09,17084.49,0.001976843343578949
2015-10-12,17131.86,0.002768853502123747
2015-10-13,17081.89,-0.002921049901333461
2015-10-14,16924.75,-0.009241790335732247
2015-10-15,17141.75,0.012739960667303762
2015-10-16,17215.97,0.004320433104995303
2015-10-19,17230.54,0.0008459493207801927
2015-10-20,17217.11,-0.000779733925561743
2015-10-21,17168.61,-0.0028209403300198943
2015-10-22,17489.16,0.018498543954903468
2015-10-23,17646.7,0.008967536627023875
2015-10-26,17623.05,-0.001341092780334563
2015-10-27,17581.43,-0.0023644728960920958
2015-10-28,17779.52,0.01120400171242153
2015-10-29,17755.8,-0.001335009985721669
2015-10-30,17663.54,-0.005209595021272051
2015-11-02,17828.76,0.009310255658228073
2015-11-03,17918.15,0.005001281863220797
2015-11-04,17867.58,-0.0028262681052968475
2015-11-05,17863.43,-0.00023229122371049016
2015-11-06,17910.33,0.002622035082140428
2015-11-09,17730.48,-0.010092448885815841
2015-11-10,17758.21,0.0015627517185610174
2015-11-11,17702.22,-0.0031578887525558486
2015-11-12,17448.07,-0.014461014631281799
2015-11-13,17245.24,-0.011692877443040928
2015-11-16,17483.01,0.013693388830185782
2015-11-17,17489.5,0.00037114865787302165
2015-11-18,17737.16,0.014061173016537865
2015-11-19,17732.75,-0.0002486614723693492
2015-11-20,17823.81,0.00512199150189474
2015-11-23,17792.68,-0.0017480671412091198
2015-11-24,17812.19,0.0010959176063654041
2015-11-25,17813.39,6.736732429146741e-05
2015-11-26,,
2015-11-27,17798.49,
2015-11-30,17719.92,-0.004424191744915262
2015-12-01,17888.35,0.009460232476840247
2015-12-02,17729.68,-0.008909591553015517
2015-12-03,17477.67,-0.014316005269595422
2015-12-04,17847.63,0.02094666015298685
2015-12-07,17730.51,-0.0065838418234420715
2015-12-08,17568.0,-0.009207819150711671
2015-12-09,17492.3,-0.004318281226055376
2015-12-10,17574.75,0.004702428743424747
2015-12-11,17265.21,-0.01776971874027744
2015-12-14,17368.5,0.005964726634088535
2015-12-15,17524.91,0.00896507664848123
2015-12-16,17749.09,0.01271094961477992
2015-12-17,17495.84,-0.014371108616327177
2015-12-18,17128.55,-0.021216476450398147
2015-12-21,17251.62,0.007159390176456171
2015-12-22,17417.27,0.009556190613851712
2015-12-23,17602.61,0.010584943778823686
2015-12-24,17552.17,-0.002869597512072275
2015-12-25,,
2015-12-28,17528.27,
2015-12-29,17720.98,0.010934242288415774
2015-12-30,17603.87,-0.006630484151811444
2015-12-31,17425.03,-0.010211085926897567
2016-01-01,,
2016-01-04,17148.94,
2016-01-05,17158.66,0.0005666383110494166
2016-01-06,16906.51,-0.014804247576243768
2016-01-07,16514.1,-0.023484193411421828
2016-01-08,16346.45,-0.010203813059119327
2016-01-11,16398.57,0.0031833875206146445
2016-01-12,16516.22,0.00714879244520894
2016-01-13,16151.41,-0.02233557599247149
2016-01-14,16379.05,0.013995726825779542
2016-01-15,15988.08,-0.024159634595628532
2016-01-18,,
2016-01-19,16016.02,
2016-01-20,15766.74,-0.015686813341581285
2016-01-21,15882.68,0.007326549340975319
2016-01-22,16093.51,0.01318687780872807
2016-01-25,15885.22,-0.013026967962286307
2016-01-26,16167.23,0.017597236859897336
2016-01-27,15944.46,-0.013874920556329329
2016-01-28,16069.64,0.007820344034467297
2016-01-29,16466.3,0.024384090564167238
2016-02-01,16449.18,-0.0010402401267608496
2016-02-02,16153.54,-0.018136407249230047
2016-02-03,16336.66,0.01127244147789952
2016-02-04,16416.58,0.004880137574955867
2016-02-05,16204.97,-0.012973814436907816
2016-02-08,16027.05,-0.011040065569309476
2016-02-09,16014.38,-0.0007908511361929271
2016-02-10,15914.74,-0.006241344794409187
2016-02-11,15660.18,-0.016124539061944887
2016-02-12,15973.84,0.019831199419112266
2016-02-15,,
2016-02-16,16196.41,
2016-02-17,16453.83,0.0157686641170951
2016-02-18,16413.43,-0.0024583747076452056
2016-02-19,16391.99,-0.0013071012687859707
2016-02-22,16620.66,0.013853698947441373
2016-02-23,16431.78,-0.01142923524381878
2016-02-24,16484.99,0.0032330053250877455
2016-02-25,16697.29,0.012796160894083641
2016-02-26,16639.97,-0.0034387982987009735
2016-02-29,16516.5,-0.007447751267203984
2016-03-01,16865.08,0.02088533081447963
2016-03-02,16899.32,0.0020281723790223083
2016-03-03,16943.9,0.002634502614370149
2016-03-04,17006.77,0.0037036130282146473
2016-03-07,17073.95,0.003942410078931147
2016-03-08,16964.1,-0.00645456372354225
2016-03-09,17000.36,0.002135173871492313
2016-03-10,16995.13,-0.00030768787514112717
2016-03-11,17213.31,0.012756089343627153
2016-03-14,17229.13,0.0009186341683413701
2016-03-15,17251.53,0.0012992792569033185
2016-03-16,17325.76,0.004293576161378709
2016-03-17,17481.49,0.008948195511548462
2016-03-18,17602.3,0.00688696845491954
2016-03-21,17623.87,0.001224657843634347
2016-03-22,17582.57,-0.0023461627443488453
2016-03-23,17502.59,-0.004559200444900213
2016-03-24,17515.73,0.0007504643636071506
2016-03-25,,
2016-03-28,17535.39,
2016-03-29,17633.11,0.00555726013288016
2016-03-30,17716.66,0.004727055116756418
2016-03-31,17685.09,-0.0017835281232478906
2016-04-01,17792.75,0.006069159253685896
2016-04-04,17737.0,-0.0031382177332552885
2016-04-05,17603.32,-0.007565332605308228
2016-04-06,17716.05,0.006383487746346006
2016-04-07,17541.96,-0.009875283079603392
2016-04-08,17576.96,0.0019932282420871417
2016-04-11,17556.41,-0.0011698281345360328
2016-04-12,17721.25,0.009345359057268965
2016-04-13,17908.28,0.010498691276962901
2016-04-14,17926.43,0.0010129844249906483
2016-04-15,17897.46,-0.001617356814966442
2016-04-18,18004.16,0.005944038968525689
2016-04-19,18053.6,0.002742268570345985
2016-04-20,18096.27,0.002360728811297008
